key,price_gbp
0,5.1200
1,5.1200
2,5.1200
3,5.1200
4,5.1200
5,10.2400
6,10.2400
7,10.2400
8,10.2400
9,10.2400
10,10.2400
11,10.2400
12,18.6600
13,18.6600
14,18.6600
15,18.6600
16,18.6600
17,3.3000
18,3.3000
19,3.3000
20,3.3000
21,3.3000
22,3.3000
23,3.3000
24,3.3000
25,3.3000
26,3.3000
27,3.3000
28,3.3000
29,3.3000
30,3.3000
31,3.3000
32,3.3000
33,3.3000
34,3.3000
35,3.3000
36,3.3000
37,3.3000
38,3.3000
39,3.3000
40,3.3000
41,3.3000
42,3.3000
43,3.3000
44,3.3000
45,3.3000
46,3.3000
47,3.3000
48,3.3000
49,3.3000
50,3.3000
51,3.3000
52,3.3000
53,3.3000
54,3.3000
55,3.3000
56,3.3000
57,3.3000
58,3.3000
59,3.3000
60,3.3000
61,3.3000
62,3.3000
63,3.3000
64,3.3000
65,3.3000
66,3.3000
67,3.3000
68,3.3000
69,3.3000
70,3.3000
71,3.3000
72,3.3000
73,3.3000
74,3.3000
75,3.3000
76,3.3000
77,3.3000
78,3.3000
79,3.3000
80,3.3000
81,3.3000
82,3.3000
83,3.3000
84,3.3000
85,3.3000
86,3.3000
87,3.3000
88,3.3000
89,3.3000
90,3.3000
91,3.3000
92,3.3000
93,3.3000
94,3.3000
95,3.3000
96,3.3000
97,3.3000
98,3.3000
99,3.3000
100,3.3000
101,3.3000
102,3.3000
103,3.3000
104,3.3000
105,3.3000
106,3.3000
107,3.3000
108,3.3000
109,3.3000
110,3.3000
111,3.3000
112,3.3000
113,3.3000
114,3.3000
115,3.3000
116,3.3000
117,3.3000
118,3.3000
119,3.3000
120,3.3000
121,3.3000
122,3.3000
123,3.3000
124,3.3000
125,3.3000
126,3.3000
127,3.3000
128,3.3000
129,3.3000
130,3.3000
131,3.3000
132,3.3000
133,3.3000
134,3.3000
135,3.3000
136,3.3000
137,3.3000
138,3.3000
139,3.3000
140,3.3000
141,3.3000
142,3.3000
143,3.3000
144,3.3000
145,3.3000
146,3.3000
147,3.3000
148,3.3000
149,3.3000
150,3.3000
151,3.3000
152,3.3000
153,3.3000
154,3.3000
155,3.3000
156,3.3000
157,3.3000
158,3.3000
159,3.3000
160,3.3000
161,3.3000
162,3.3000
163,3.3000
164,3.3000
165,3.3000
166,3.3000
167,3.3000
168,3.3000
169,3.3000
170,3.3000
171,3.3000
172,3.3000
173,3.3000
174,3.3000
175,3.3000
176,3.3000
177,3.3000
178,3.3000
179,3.3000
180,3.3000
181,3.3000
182,3.3000
183,3.3000
184,3.3000
185,3.3000
186,3.3000
187,3.3000
188,3.3000
189,3.3000
190,3.3000
191,3.3000
192,3.3000
193,3.3000
194,3.3000
195,3.3000
196,3.3000
197,3.3000
198,3.3000
199,3.3000
200,3.3000
201,3.3000
202,3.3000
203,3.3000
204,3.3000
205,3.3000
206,3.3000
207,3.3000
208,3.3000
209,3.3000
210,3.3000
211,3.3000
212,3.3000
213,3.3000
214,3.3000
215,3.3000
216,3.3000
217,3.3000
218,3.3000
219,3.3000
220,3.3000
221,3.3000
222,3.3000
223,3.3000
224,3.3000
225,3.3000
226,3.3000
227,3.3000
228,3.3000
229,3.3000
230,3.3000
231,3.3000
232,3.3000
233,3.3000
234,3.3000
235,3.3000
236,3.3000
237,3.3000
238,3.3000
239,3.3000
240,3.3000
241,3.3000
242,3.3000
243,3.3000
244,3.3000
245,3.3000
246,3.3000
247,3.3000
248,3.3000
249,3.3000
250,3.3000
251,3.3000
252,3.3000
253,3.3000
254,3.3000
255,3.3000
256,3.3000
257,3.3000
258,3.3000
259,3.3000
260,3.3000
261,3.3000
262,3.3000
263,3.3000
264,3.3000
265,3.3000
266,3.3000
267,3.3000
268,3.3000
269,3.3000
270,3.3000
271,3.3000
272,3.3000
273,3.3000
274,3.3000
275,3.3000
276,3.3000
277,3.3000
278,3.3000
279,3.3000
280,3.3000
281,3.3000
282,3.3000
283,3.3000
284,3.3000
285,3.3000
286,3.3000
287,3.3000
288,3.3000
289,3.3000
290,3.3000
291,3.3000
292,3.3000
293,3.3000
294,3.3000
295,3.3000
296,3.3000
297,3.3000
298,3.3000
299,3.3000
300,3.3000
301,3.3000
302,3.3000
303,3.3000
304,3.3000
305,3.3000
306,3.3000
307,3.3000
308,3.3000
309,3.3000
310,3.3000
311,3.3000
312,3.3000
313,3.3000
314,3.3000
315,3.3000
316,3.3000
317,3.3000
318,3.3000
319,3.3000
320,3.3000
321,3.3000
322,3.3000
323,3.3000
324,3.3000
325,3.3000
326,3.3000
327,3.3000
328,3.3000
329,3.3000
330,3.3000
331,3.3000
332,3.3000
333,3.3000
334,3.3000
335,3.3000
336,3.3000
337,3.3000
338,3.3000
339,3.3000
340,3.3000
341,3.3000
342,3.3000
343,3.3000
344,3.3000
345,3.3000
346,3.3000
347,3.3000
348,3.3000
349,3.3000
350,3.3000
351,3.3000
352,3.3000
353,3.3000
354,3.3000
355,3.3000
356,3.3000
357,3.3000
358,3.3000
359,3.3000
360,3.3000
361,3.3000
362,3.3000
363,3.3000
364,3.3000
365,3.3000
366,3.3000
367,3.3000
368,3.3000
369,3.3000
370,3.3000
371,3.3000
372,3.3000
373,3.3000
374,3.3000
375,3.3000
376,3.3000
377,3.3000
378,3.3000
379,3.3000
380,3.3000
381,3.3000
382,3.3000
383,3.3000
384,3.3000
385,3.3000
386,3.3000
387,3.3000
388,3.3000
389,3.3000
390,3.3000
391,3.3000
392,3.3000
393,3.3000
394,3.3000
395,3.3000
396,3.3000
397,3.3000
398,3.3000
399,3.3000
400,3.3000
401,3.3000
402,3.3000
403,3.3000
404,3.3000
405,3.3000
406,3.3000
407,3.3000
408,3.3000
409,3.3000
410,3.3000
411,3.3000
412,3.3000
413,3.3000
414,3.3000
415,3.3000
416,3.3000
417,3.3000
418,3.3000
419,3.3000
420,3.3000
421,3.3000
422,3.3000
423,3.3000
424,3.3000
425,3.3000
426,3.3000
427,3.3000
428,3.3000
429,3.3000
430,3.3000
431,3.3000
432,3.3000
433,3.3000
434,3.3000
435,3.3000
436,3.3000
437,3.3000
438,3.3000
439,3.3000
440,3.3000
441,3.3000
442,3.3000
443,3.3000
444,3.3000
445,3.3000
446,3.3000
447,3.3000
448,3.3000
449,3.3000
450,3.3000
451,3.3000
452,3.3000
453,3.3000
454,3.3000
455,3.3000
456,3.3000
457,3.3000
458,3.3000
459,3.3000
460,3.3000
461,3.3000
462,3.3000
463,3.3000
464,3.3000
465,3.3000
466,3.3000
467,3.3000
468,3.3000
469,3.3000
470,3.3000
471,3.3000
472,3.3000
473,3.3000
474,3.3000
475,3.3000
476,3.3000
477,3.3000
478,3.3000
479,3.3000
480,3.3000
481,3.3000
482,3.3000
483,3.3000
484,3.3000
485,3.3000
486,3.3000
487,3.3000
488,3.3000
489,3.3000
490,3.3000
491,3.3000
492,3.3000
493,3.3000
494,3.3000
495,3.3000
496,3.3000
497,3.3000
498,3.3000
499,3.3000
500,3.3000
501,3.3000
502,3.3000
503,3.3000
504,3.3000
505,3.3000
506,3.3000
507,3.3000
508,3.3000
509,3.3000
510,3.3000
511,3.3000
512,3.3000
513,3.3000
514,3.3000
515,3.3000
516,3.3000
517,3.3000
518,3.3000
519,3.3000
520,3.3000
521,3.3000
522,3.3000
523,3.3000
524,3.3000
525,3.3000
526,3.3000
527,3.3000
528,3.3000
529,3.3000
530,3.3000
531,3.3000
532,3.3000
533,3.3000
534,3.3000
535,3.3000
536,3.3000
537,3.3000
538,3.3000
539,3.3000
540,3.3000
541,3.3000
542,3.3000
543,3.3000
544,3.3000
545,3.3000
546,3.3000
547,3.3000
548,3.3000
549,3.3000
550,3.3000
551,3.3000
552,3.3000
553,3.3000
554,3.3000
555,3.3000
556,3.3000
557,3.3000
558,3.3000
559,3.3000
560,3.3000
561,3.3000
562,3.3000
563,3.3000
564,3.3000
565,3.3000
566,3.3000
567,3.3000
568,3.3000
569,3.3000
570,3.3000
571,3.3000
572,3.3000
573,3.3000
574,3.3000
575,3.3000
576,3.3000
577,3.3000
578,3.3000
579,3.3000
580,3.3000
581,3.3000
582,3.3000
583,3.3000
584,3.3000
585,3.3000
586,3.3000
587,3.3000
588,3.3000
589,3.3000
590,3.3000
591,3.3000
592,3.3000
593,3.3000
594,3.3000
595,3.3000
596,3.3000
597,3.3000
598,3.3000
599,3.3000
600,3.3000
601,3.3000
602,3.3000
603,3.3000
604,3.3000
605,3.3000
606,3.3000
607,3.3000
608,3.3000
609,3.3000
610,3.3000
611,3.3000
612,3.3000
613,3.3000
614,3.3000
615,3.3000
616,3.3000
617,3.3000
618,3.3000
619,3.3000
620,3.3000
621,3.3000
622,3.3000
623,3.3000
624,3.3000
625,3.3000
626,3.3000
627,3.3000
628,3.3000
629,3.3000
630,3.3000
631,3.3000
632,3.3000
633,3.3000
634,3.3000
635,3.3000
636,3.3000
637,3.3000
638,3.3000
639,3.3000
640,3.3000
641,3.3000
642,3.3000
643,3.3000
644,3.3000
645,3.3000
646,3.3000
647,3.3000
648,3.3000
649,3.3000
650,3.3000
651,3.3000
652,3.3000
653,3.3000
654,3.3000
655,3.3000
656,3.3000
657,3.3000
658,3.3000
659,3.3000
660,3.3000
661,3.3000
662,3.3000
663,3.3000
664,3.3000
665,3.3000
666,3.3000
667,3.3000
668,3.3000
669,3.3000
670,3.3000
671,3.3000
672,3.3000
673,3.3000
674,3.3000
675,3.3000
676,3.3000
677,3.3000
678,3.3000
679,3.3000
680,3.3000
681,3.3000
682,3.3000
683,3.3000
684,3.3000
685,3.3000
686,3.3000
687,3.3000
688,3.3000
689,3.3000
690,3.3000
691,3.3000
692,3.3000
693,3.3000
694,3.3000
695,3.3000
696,3.3000
697,3.3000
698,3.3000
699,3.3000
700,3.3000
701,3.3000
702,3.3000
703,3.3000
704,3.3000
705,3.3000
706,3.3000
707,3.3000
708,3.3000
709,3.3000
710,3.3000
711,3.3000
712,3.3000
713,3.3000
714,3.3000
715,3.3000
716,3.3000
717,3.3000
718,3.3000
719,3.3000
720,3.3000
721,3.3000
722,3.3000
723,3.3000
724,3.3000
725,3.3000
726,3.3000
727,3.3000
728,3.3000
729,3.3000
730,3.3000
731,3.3000
732,3.3000
733,3.3000
734,3.3000
735,3.3000
736,3.3000
737,3.3000
738,3.3000
739,3.3000
740,3.3000
741,3.3000
742,3.3000
743,3.3000
744,3.3000
745,3.3000
746,3.3000
747,3.3000
748,3.3000
749,3.3000
750,3.3000
751,3.3000
752,3.3000
753,3.3000
754,3.3000
755,3.3000
756,3.3000
757,3.3000
758,3.3000
759,3.3000
760,3.3000
761,3.3000
762,3.3000
763,3.3000
764,3.3000
765,3.3000
766,3.3000
767,3.3000
768,3.3000
769,3.3000
770,3.3000
771,3.3000
772,3.3000
773,3.3000
774,3.3000
775,3.3000
776,3.3000
777,3.3000
778,3.3000
779,3.3000
780,3.3000
781,3.3000
782,3.3000
783,3.3000
784,3.3000
785,3.3000
786,3.3000
787,3.3000
788,3.3000
789,3.3000
790,3.3000
791,3.3000
792,3.3000
793,3.3000
794,3.3000
795,3.3000
796,3.3000
797,3.3000
798,3.3000
799,3.3000
800,3.3000
801,3.3000
802,3.3000
803,3.3000
804,3.3000
805,3.3000
806,3.3000
807,3.3000
808,3.3000
809,3.3000
810,3.3000
811,3.3000
812,3.3000
813,3.3000
814,3.3000
815,3.3000
816,3.3000
817,3.3000
818,3.3000
819,3.3000
820,3.3000
821,3.3000
822,3.3000
823,3.3000
824,3.3000
825,3.3000
826,3.3000
827,3.3000
828,3.3000
829,3.3000
830,3.3000
831,3.3000
832,3.3000
833,3.3000
834,3.3000
835,3.3000
836,3.3000
837,3.3000
838,3.3000
839,3.3000
840,3.3000
841,3.3000
842,3.3000
843,3.3000
844,3.3000
845,3.3000
846,3.3000
847,3.3000
848,3.3000
849,3.3000
850,3.3000
851,3.3000
852,3.3000
853,3.3000
854,3.3000
855,3.3000
856,3.3000
857,3.3000
858,3.3000
859,3.3000
860,3.3000
861,3.3000
862,3.3000
863,3.3000
864,3.3000
865,3.3000
866,3.3000
867,3.3000
868,3.3000
869,3.3000
870,3.3000
871,3.3000
872,3.3000
873,3.3000
874,3.3000
875,3.3000
876,3.3000
877,3.3000
878,3.3000
879,3.3000
880,3.3000
881,3.3000
882,3.3000
883,3.3000
884,3.3000
885,3.3000
886,3.3000
887,3.3000
888,3.3000
889,3.3000
890,3.3000
891,3.3000
892,3.3000
893,3.3000
894,3.3000
895,3.3000
896,3.3000
897,3.3000
898,3.3000
899,3.3000
900,3.3000
901,3.3000
902,3.3000
903,3.3000
904,3.3000
905,3.3000
906,3.3000
907,3.3000
908,3.3000
909,3.3000
910,3.3000
911,3.3000
912,3.3000
913,3.3000
914,3.3000
915,3.3000
916,3.3000
917,3.3000
918,3.3000
919,3.3000
920,3.3000
921,3.3000
922,3.3000
923,3.3000
924,3.3000
925,3.3000
926,3.3000
927,3.3000
928,3.3000
929,3.3000
930,3.3000
931,3.3000
932,3.3000
933,3.3000
934,3.3000
935,3.3000
936,3.3000
937,3.3000
938,3.3000
939,3.3000
940,3.3000
941,3.3000
942,3.3000
943,3.3000
944,3.3000
945,3.3000
946,3.3000
947,3.3000
948,3.3000
949,3.3000
950,3.3000
951,3.3000
952,3.3000
953,3.3000
954,3.3000
955,3.3000
956,3.3000
957,3.3000
958,3.3000
959,3.3000
960,3.3000
961,3.3000
962,3.3000
963,3.3000
964,3.3000
965,3.3000
966,3.3000
967,3.3000
968,3.3000
969,3.3000
970,3.3000
971,3.3000
972,3.3000
973,3.3000
974,3.3000
975,3.3000
976,3.3000
977,3.3000
978,3.3000
979,3.3000
980,3.3000
981,3.3000
982,3.3000
983,3.3000
984,3.3000
985,3.3000
986,3.3000
987,3.3000
988,3.3000
989,3.3000
990,3.3000
991,3.3000
992,3.3000
993,3.3000
994,3.3000
995,3.3000
996,3.3000
997,3.3000
998,3.3000
999,3.3000
1000,3.3000
1001,3.3000
1002,3.3000
1003,3.3000
1004,3.3000
1005,3.3000
1006,3.3000
1007,3.3000
1008,3.3000
1009,3.3000
1010,3.3000
1011,3.3000
1012,3.3000
1013,3.3000
1014,3.3000
1015,3.3000
1016,3.3000
1017,3.3000
1018,3.3000
1019,3.3000
1020,3.3000
1021,3.3000
1022,3.3000
1023,3.3000
1024,3.3000
1025,3.3000
1026,3.3000
1027,3.3000
1028,3.3000
1029,3.3000
1030,3.3000
1031,3.3000
1032,3.3000
1033,3.3000
1034,3.3000
1035,3.3000
1036,3.3000
1037,3.3000
1038,3.3000
1039,3.3000
1040,3.3000
1041,3.3000
1042,3.3000
1043,3.3000
1044,3.3000
1045,3.3000
1046,3.3000
1047,3.3000
1048,3.3000
1049,3.3000
1050,3.3000
1051,3.3000
1052,3.3000
1053,3.3000
1054,3.3000
1055,3.3000
1056,3.3000
1057,3.3000
1058,3.3000
1059,3.3000
1060,3.3000
1061,3.3000
1062,3.3000
1063,3.3000
1064,3.3000
1065,3.3000
1066,3.3000
1067,3.3000
1068,3.3000
1069,3.3000
1070,3.3000
1071,3.3000
1072,3.3000
1073,3.3000
1074,3.3000
1075,3.3000
1076,3.3000
1077,3.3000
1078,3.3000
1079,3.3000
1080,3.3000
1081,3.3000
1082,3.3000
1083,3.3000
1084,3.3000
1085,3.3000
1086,3.3000
1087,3.3000
1088,3.3000
1089,3.3000
1090,3.3000
1091,3.3000
1092,3.3000
1093,3.3000
1094,3.3000
1095,3.3000
1096,3.3000
1097,3.3000
1098,3.3000
1099,3.3000
1100,3.3000
1101,3.3000
1102,3.3000
1103,3.3000
1104,3.3000
1105,3.3000
1106,3.3000
1107,3.3000
1108,3.3000
1109,3.3000
1110,3.3000
1111,3.3000
1112,3.3000
1113,3.3000
1114,3.3000
1115,3.3000
1116,3.3000
1117,3.3000
1118,3.3000
1119,3.3000
1120,3.3000
1121,3.3000
1122,3.3000
1123,3.3000
1124,3.3000
1125,3.3000
1126,3.3000
1127,3.3000
1128,3.3000
1129,3.3000
1130,3.3000
1131,3.3000
1132,3.3000
1133,3.3000
1134,3.3000
1135,3.3000
1136,3.3000
1137,3.3000
1138,3.3000
1139,3.3000
1140,3.3000
1141,3.3000
1142,3.3000
1143,3.3000
1144,3.3000
1145,3.3000
1146,3.3000
1147,3.3000
1148,3.3000
1149,3.3000
1150,3.3000
1151,3.3000
1152,3.3000
1153,3.3000
1154,3.3000
1155,3.3000
1156,3.3000
1157,3.3000
1158,3.3000
1159,3.3000
1160,3.3000
1161,3.3000
1162,3.3000
1163,3.3000
1164,3.3000
1165,3.3000
1166,3.3000
1167,3.3000
1168,3.3000
1169,3.3000
1170,3.3000
1171,3.3000
1172,3.3000
1173,3.3000
1174,3.3000
1175,3.3000
1176,3.3000
1177,3.3000
1178,3.3000
1179,3.3000
1180,3.3000
1181,3.3000
1182,3.3000
1183,3.3000
1184,3.3000
1185,3.3000
1186,3.3000
1187,3.3000
1188,3.3000
1189,3.3000
1190,3.3000
1191,3.3000
1192,3.3000
1193,3.3000
1194,3.3000
1195,3.3000
1196,3.3000
1197,3.3000
1198,3.3000
1199,3.3000
1200,3.3000
1201,3.3000
1202,3.3000
1203,3.3000
1204,3.3000
1205,3.3000
1206,3.3000
1207,3.3000
1208,3.3000
1209,3.3000
1210,3.3000
1211,3.3000
1212,3.3000
1213,3.3000
1214,3.3000
1215,3.3000
1216,3.3000
1217,3.3000
1218,3.3000
1219,3.3000
1220,3.3000
1221,3.3000
1222,3.3000
1223,3.3000
1224,3.3000
1225,3.3000
1226,3.3000
1227,3.3000
1228,3.3000
1229,3.3000
1230,3.3000
1231,3.3000
1232,3.3000
1233,3.3000
1234,3.3000
1235,3.3000
1236,3.3000
1237,3.3000
1238,3.3000
1239,3.3000
1240,3.3000
1241,3.3000
1242,3.3000
1243,3.3000
1244,3.3000
1245,3.3000
1246,3.3000
1247,3.3000
1248,3.3000
1249,3.3000
1250,3.3000
1251,3.3000
1252,3.3000
1253,3.3000
1254,3.3000
1255,3.3000
1256,3.3000
1257,3.3000
1258,3.3000
1259,3.3000
1260,3.3000
1261,3.3000
1262,3.3000
1263,3.3000
1264,3.3000
1265,3.3000
1266,3.3000
1267,3.3000
1268,3.3000
1269,3.3000
1270,3.3000
1271,3.3000
1272,3.3000
1273,3.3000
1274,3.3000
1275,3.3000
1276,3.3000
1277,3.3000
1278,3.3000
1279,3.3000
1280,3.3000
1281,3.3000
1282,3.3000
1283,3.3000
1284,3.3000
1285,3.3000
1286,3.3000
1287,3.3000
1288,3.3000
1289,3.3000
1290,3.3000
1291,3.3000
1292,3.3000
1293,3.3000
1294,3.3000
1295,3.3000
1296,3.3000
1297,3.3000
1298,3.3000
1299,3.3000
1300,3.3000
1301,3.3000
1302,3.3000
1303,3.3000
1304,3.3000
1305,3.3000
1306,3.3000
1307,3.3000
1308,3.3000
1309,3.3000
1310,3.3000
1311,3.3000
1312,3.3000
1313,3.3000
1314,3.3000
1315,3.3000
1316,3.3000
1317,3.3000
1318,3.3000
1319,3.3000
1320,3.3000
1321,3.3000
1322,3.3000
1323,3.3000
1324,3.3000
1325,3.3000
1326,3.3000
1327,3.3000
1328,3.3000
1329,3.3000
1330,3.3000
1331,3.3000
1332,3.3000
1333,3.3000
1334,3.3000
1335,3.3000
1336,3.3000
1337,3.3000
1338,3.3000
1339,3.3000
1340,3.3000
1341,3.3000
1342,3.3000
1343,3.3000
1344,3.3000
1345,3.3000
1346,3.3000
1347,3.3000
1348,3.3000
1349,3.3000
1350,3.3000
1351,3.3000
1352,3.3000
1353,3.3000
1354,3.3000
1355,3.3000
1356,3.3000
1357,3.3000
1358,3.3000
1359,3.3000
1360,3.3000
1361,3.3000
1362,3.3000
1363,3.3000
1364,3.3000
1365,3.3000
1366,3.3000
1367,3.3000
1368,3.3000
1369,3.3000
1370,3.3000
1371,3.3000
1372,3.3000
1373,3.3000
1374,3.3000
1375,3.3000
1376,3.3000
1377,3.3000
1378,3.3000
1379,3.3000
1380,3.3000
1381,3.3000
1382,3.3000
1383,3.3000
1384,3.3000
1385,3.3000
1386,3.3000
1387,3.3000
1388,3.3000
1389,3.3000
1390,3.3000
1391,3.3000
1392,3.3000
1393,3.3000
1394,3.3000
1395,3.3000
1396,3.3000
1397,3.3000
1398,3.3000
1399,3.3000
1400,3.3000
1401,3.3000
1402,3.3000
1403,3.3000
1404,3.3000
1405,3.3000
1406,3.3000
1407,3.3000
1408,3.3000
1409,3.3000
1410,3.3000
1411,3.3000
1412,3.3000
1413,3.3000
1414,3.3000
1415,3.3000
1416,3.3000
1417,3.3000
1418,3.3000
1419,3.3000
1420,3.3000
1421,3.3000
1422,3.3000
1423,3.3000
1424,3.3000
1425,3.3000
1426,3.3000
1427,3.3000
1428,3.3000
1429,3.3000
1430,3.3000
1431,3.3000
1432,3.3000
1433,3.3000
1434,3.3000
1435,3.3000
1436,3.3000
1437,3.3000
1438,3.3000
1439,3.3000
1440,3.3000
1441,3.3000
1442,3.3000
1443,3.3000
1444,3.3000
1445,3.3000
1446,3.3000
1447,3.3000
1448,3.3000
1449,3.3000
1450,3.3000
1451,3.3000
1452,3.3000
1453,3.3000
1454,3.3000
1455,3.3000
1456,3.3000
1457,3.3000
1458,3.3000
1459,3.3000
1460,3.3000
1461,3.3000
1462,3.3000
1463,3.3000
1464,3.3000
1465,3.3000
1466,3.3000
1467,3.3000
1468,3.3000
1469,3.3000
1470,3.3000
1471,3.3000
1472,3.3000
1473,3.3000
1474,3.3000
1475,3.3000
1476,3.3000
1477,3.3000
1478,3.3000
1479,3.3000
1480,3.3000
1481,3.3000
1482,3.3000
1483,3.3000
1484,3.3000
1485,3.3000
1486,3.3000
1487,3.3000
1488,3.3000
1489,3.3000
1490,3.3000
1491,3.3000
1492,3.3000
1493,3.3000
1494,3.3000
1495,3.3000
1496,3.3000
1497,3.3000
1498,3.3000
1499,3.3000
1500,3.3000
1501,3.3000
1502,3.3000
1503,3.3000
1504,3.3000
1505,3.3000
1506,3.3000
1507,3.3000
1508,3.3000
1509,3.3000
1510,3.3000
1511,3.3000
1512,3.3000
1513,3.3000
1514,3.3000
1515,3.3000
1516,3.3000
1517,3.3000
1518,3.3000
1519,3.3000
1520,3.3000
1521,3.3000
1522,3.3000
1523,3.3000
1524,3.3000
1525,3.3000
1526,3.3000
1527,3.3000
1528,3.3000
1529,3.3000
1530,3.3000
1531,3.3000
1532,3.3000
1533,3.3000
1534,3.3000
1535,3.3000
1536,3.3000
1537,3.3000
1538,3.3000
1539,3.3000
1540,3.3000
1541,3.3000
1542,3.3000
1543,3.3000
1544,3.3000
1545,3.3000
1546,3.3000
1547,3.3000
1548,3.3000
1549,3.3000
1550,3.3000
1551,3.3000
1552,3.3000
1553,3.3000
1554,3.3000
1555,3.3000
1556,3.3000
1557,3.3000
1558,3.3000
1559,3.3000
1560,3.3000
1561,3.3000
1562,3.3000
1563,3.3000
1564,3.3000
1565,3.3000
1566,3.3000
1567,3.3000
1568,3.3000
1569,3.3000
1570,3.3000
1571,3.3000
1572,3.3000
1573,3.3000
1574,3.3000
1575,3.3000
1576,3.3000
1577,3.3000
1578,3.3000
1579,3.3000
1580,3.3000
1581,3.3000
1582,3.3000
1583,3.3000
1584,3.3000
1585,3.3000
1586,3.3000
1587,3.3000
1588,3.3000
1589,3.3000
1590,3.3000
1591,3.3000
1592,3.3000
1593,3.3000
1594,3.3000
1595,3.3000
1596,3.3000
1597,3.3000
1598,3.3000
1599,3.3000
1600,3.3000
1601,3.3000
1602,3.3000
1603,3.3000
1604,3.3000
1605,3.3000
1606,3.3000
1607,3.3000
1608,3.3000
1609,3.3000
1610,3.3000
1611,3.3000
1612,3.3000
1613,3.3000
1614,3.3000
1615,3.3000
1616,3.3000
1617,3.3000
1618,3.3000
1619,3.3000
1620,3.3000
1621,3.3000
1622,3.3000
1623,3.3000
1624,3.3000
1625,3.3000
1626,3.3000
1627,3.3000
1628,3.3000
1629,3.3000
1630,3.3000
1631,3.3000
1632,3.3000
1633,3.3000
1634,3.3000
1635,3.3000
1636,3.3000
1637,3.3000
1638,3.3000
1639,3.3000
1640,3.3000
1641,3.3000
1642,3.3000
1643,3.3000
1644,3.3000
1645,3.3000
1646,3.3000
1647,3.3000
1648,3.3000
1649,3.3000
1650,3.3000
1651,3.3000
1652,3.3000
1653,1.4800
1654,6.6000
1655,6.6000
1656,6.6000
1657,6.6000
1658,6.6000
1659,6.6000
1660,6.6000
1661,6.6000
1662,6.6000
1663,6.6000
1664,6.6000
1665,6.6000
1666,6.6000
1667,6.6000
1668,6.6000
1669,6.6000
1670,6.6000
1671,6.6000
1672,6.6000
1673,6.6000
1674,6.6000
1675,6.6000
1676,6.6000
1677,6.6000
1678,6.6000
1679,6.6000
1680,6.6000
1681,6.6000
1682,6.6000
1683,6.6000
1684,6.6000
1685,6.6000
1686,6.6000
1687,6.6000
1688,6.6000
1689,6.6000
1690,6.6000
1691,6.6000
1692,6.6000
1693,6.6000
1694,6.6000
1695,6.6000
1696,6.6000
1697,6.6000
1698,6.6000
1699,6.6000
1700,6.6000
1701,6.6000
1702,6.6000
1703,6.6000
1704,6.6000
1705,6.6000
1706,6.6000
1707,6.6000
1708,6.6000
1709,6.6000
1710,6.6000
1711,6.6000
1712,6.6000
1713,6.6000
1714,6.6000
1715,6.6000
1716,6.6000
1717,6.6000
1718,6.6000
1719,6.6000
1720,6.6000
1721,6.6000
1722,6.6000
1723,6.6000
1724,6.6000
1725,6.6000
1726,6.6000
1727,6.6000
1728,6.6000
1729,6.6000
1730,6.6000
1731,6.6000
1732,6.6000
1733,6.6000
1734,6.6000
1735,6.6000
1736,6.6000
1737,6.6000
1738,6.6000
1739,6.6000
1740,6.6000
1741,6.6000
1742,6.6000
1743,6.6000
1744,6.6000
1745,6.6000
1746,6.6000
1747,6.6000
1748,6.6000
1749,6.6000
1750,6.6000
1751,6.6000
1752,6.6000
1753,6.6000
1754,6.6000
1755,6.6000
1756,6.6000
1757,6.6000
1758,6.6000
1759,6.6000
1760,6.6000
1761,6.6000
1762,6.6000
1763,6.6000
1764,6.6000
1765,6.6000
1766,6.6000
1767,6.6000
1768,6.6000
1769,6.6000
1770,6.6000
1771,6.6000
1772,6.6000
1773,6.6000
1774,6.6000
1775,6.6000
1776,6.6000
1777,6.6000
1778,6.6000
1779,6.6000
1780,6.6000
1781,6.6000
1782,6.6000
1783,6.6000
1784,6.6000
1785,6.6000
1786,6.6000
1787,6.6000
1788,6.6000
1789,6.6000
1790,109.0000
1791,109.0000
1792,109.0000
1793,109.0000
1794,9.9000
1795,9.9000
1796,9.9000
1797,9.9000
1798,9.9000
1799,9.9000
1800,9.9000
1801,9.9000
1802,9.9000
1803,9.9000
1804,9.9000
1805,9.9000
1806,9.9000
1807,9.9000
1808,9.9000
1809,9.9000
1810,9.9000
1811,9.9000
1812,9.9000
1813,9.9000
1814,9.9000
1815,9.9000
1816,9.9000
1817,9.9000
1818,9.9000
1819,9.9000
1820,9.9000
1821,9.9000
1822,9.9000
1823,9.9000
1824,9.9000
1825,9.9000
1826,9.9000
1827,9.9000
1828,9.9000
1829,9.9000
1830,9.9000
1831,9.9000
1832,9.9000
1833,9.9000
1834,9.9000
1835,9.9000
1836,9.9000
1837,9.9000
1838,9.9000
1839,9.9000
1840,9.9000
1841,9.9000
1842,9.9000
1843,9.9000
1844,9.9000
1845,9.9000
1846,9.9000
1847,9.9000
1848,9.9000
1849,9.9000
1850,9.9000
1851,9.9000
1852,9.9000
1853,9.9000
1854,9.9000
1855,9.9000
1856,9.9000
1857,9.9000
1858,9.9000
1859,9.9000
1860,9.9000
1861,9.9000
1862,9.9000
1863,9.9000
1864,9.9000
1865,9.9000
1866,9.9000
1867,9.9000
1868,9.9000
1869,9.9000
1870,9.9000
1871,9.9000
1872,9.9000
1873,9.9000
1874,9.9000
1875,9.9000
1876,9.9000
1877,9.9000
1878,9.9000
1879,9.9000
1880,9.9000
1881,9.9000
1882,9.9000
1883,9.9000
1884,9.9000
1885,9.9000
1886,9.9000
1887,9.9000
1888,9.9000
1889,9.9000
1890,9.9000
1891,9.9000
1892,9.9000
1893,9.9000
1894,9.9000
1895,9.9000
1896,9.9000
1897,9.9000
1898,9.9000
1899,9.9000
1900,9.9000
1901,9.9000
1902,9.9000
1903,9.9000
1904,9.9000
1905,9.9000
1906,35.5000
1907,35.5000
1908,35.5000
1909,35.5000
1910,35.5000
1911,35.5000
1912,35.5000
1913,35.5000
1914,35.5000
1915,35.5000
1916,35.5000
1917,35.5000
1918,35.5000
1919,35.5000
1920,35.5000
1921,90.0000
1922,90.0000
1923,90.0000
1924,90.0000
1925,90.0000
1926,90.0000
1927,90.0000
1928,90.0000
1929,90.0000
1930,90.0000
1931,90.0000
1932,90.0000
1933,90.0000
1934,90.0000
1935,90.0000
1936,90.0000
1937,90.0000
1938,90.0000
1939,90.0000
1940,90.0000
1941,90.0000
1942,90.0000
1943,90.0000
1944,2.9600
1945,2.9600
1946,2.9600
1947,2.9600
1948,2.9600
1949,2.9600
1950,2.9600
1951,2.9600
1952,8.0800
1953,8.0800
1954,13.2000
1955,13.2000
1956,13.2000
1957,13.2000
1958,13.2000
1959,13.2000
1960,13.2000
1961,13.2000
1962,13.2000
1963,13.2000
1964,13.2000
1965,13.2000
1966,13.2000
1967,13.2000
1968,13.2000
1969,13.2000
1970,13.2000
1971,13.2000
1972,13.2000
1973,13.2000
1974,13.2000
1975,13.2000
1976,13.2000
1977,13.2000
1978,13.2000
1979,13.2000
1980,13.2000
1981,13.2000
1982,13.2000
1983,13.2000
1984,13.2000
1985,13.2000
1986,13.2000
1987,13.2000
1988,13.2000
1989,13.2000
1990,13.2000
1991,13.2000
1992,13.2000
1993,13.2000
1994,13.2000
1995,13.2000
1996,13.2000
1997,13.2000
1998,16.5000
1999,16.5000
2000,16.5000
2001,16.5000
2002,16.5000
2003,16.5000
2004,16.5000
2005,16.5000
2006,16.5000
2007,16.5000
2008,16.5000
2009,16.5000
2010,16.5000
2011,16.5000
2012,16.5000
2013,16.5000
2014,16.5000
2015,16.5000
2016,16.5000
2017,16.5000
2018,16.5000
2019,16.5000
2020,16.5000
2021,16.5000
2022,16.5000
2023,16.5000
2024,16.5000
2025,16.5000
2026,16.5000
2027,16.5000
2028,16.5000
2029,16.5000
2030,16.5000
2031,16.5000
2032,16.5000
2033,16.5000
2034,16.5000
2035,16.5000
2036,16.5000
2037,16.5000
2038,16.5000
2039,16.5000
2040,16.5000
2041,16.5000
2042,16.5000
2043,16.5000
2044,16.5000
2045,16.5000
2046,16.5000
2047,16.5000
2048,16.5000
2049,16.5000
2050,16.5000
2051,16.5000
2052,16.5000
2053,16.5000
2054,16.5000
2055,16.5000
2056,16.5000
2057,16.5000
2058,16.5000
2059,16.5000
2060,16.5000
2061,16.5000
2062,16.5000
2063,16.5000
2064,16.5000
2065,16.5000
2066,16.5000
2067,16.5000
2068,16.5000
2069,16.5000
2070,16.5000
2071,16.5000
2072,16.5000
2073,16.5000
2074,16.5000
2075,16.5000
2076,16.5000
2077,16.5000
2078,16.5000
2079,16.5000
2080,16.5000
2081,16.5000
2082,16.5000
2083,16.5000
2084,16.5000
2085,16.5000
2086,16.5000
2087,16.5000
2088,16.5000
2089,16.5000
2090,16.5000
2091,16.5000
2092,16.5000
2093,16.5000
2094,16.5000
2095,16.5000
2096,16.5000
2097,16.5000
2098,16.5000
2099,16.5000
2100,16.5000
2101,16.5000
2102,16.5000
2103,16.5000
2104,16.5000
2105,16.5000
2106,16.5000
2107,16.5000
2108,16.5000
2109,16.5000
2110,16.5000
2111,16.5000
2112,16.5000
2113,16.5000
2114,16.5000
2115,16.5000
2116,16.5000
2117,16.5000
2118,16.5000
2119,16.5000
2120,16.5000
2121,16.5000
2122,16.5000
2123,16.5000
2124,16.5000
2125,16.5000
2126,16.5000
2127,16.5000
2128,16.5000
2129,16.5000
2130,16.5000
2131,16.5000
2132,16.5000
2133,16.5000
2134,16.5000
2135,16.5000
2136,16.5000
2137,16.5000
2138,16.5000
2139,16.5000
2140,16.5000
2141,16.5000
2142,16.5000
2143,16.5000
2144,16.5000
2145,16.5000
2146,16.5000
2147,16.5000
2148,16.5000
2149,16.5000
2150,16.5000
2151,16.5000
2152,16.5000
2153,16.5000
2154,16.5000
2155,16.5000
2156,16.5000
2157,16.5000
2158,16.5000
2159,16.5000
2160,16.5000
2161,16.5000
2162,16.5000
2163,16.5000
2164,16.5000
2165,16.5000
2166,16.5000
2167,16.5000
2168,16.5000
2169,16.5000
2170,16.5000
2171,16.5000
2172,16.5000
2173,16.5000
2174,16.5000
2175,16.5000
2176,16.5000
2177,16.5000
2178,16.5000
2179,16.5000
2180,16.5000
2181,16.5000
2182,16.5000
2183,16.5000
2184,16.5000
2185,16.5000
2186,16.5000
2187,16.5000
2188,16.5000
2189,16.5000
2190,16.5000
2191,16.5000
2192,16.5000
2193,16.5000
2194,16.5000
2195,16.5000
2196,16.5000
2197,16.5000
2198,16.5000
2199,16.5000
2200,16.5000
2201,16.5000
2202,16.5000
2203,16.5000
2204,16.5000
2205,16.5000
2206,16.5000
2207,16.5000
2208,16.5000
2209,16.5000
2210,16.5000
2211,16.5000
2212,16.5000
2213,16.5000
2214,16.5000
2215,16.5000
2216,16.5000
2217,16.5000
2218,16.5000
2219,16.5000
2220,16.5000
2221,16.5000
2222,16.5000
2223,16.5000
2224,16.5000
2225,16.5000
2226,16.5000
2227,16.5000
2228,16.5000
2229,16.5000
2230,16.5000
2231,16.5000
2232,16.5000
2233,16.5000
2234,16.5000
2235,16.5000
2236,16.5000
2237,16.5000
2238,16.5000
2239,16.5000
2240,16.5000
2241,16.5000
2242,16.5000
2243,16.5000
2244,16.5000
2245,16.5000
2246,16.5000
2247,16.5000
2248,16.5000
2249,16.5000
2250,16.5000
2251,16.5000
2252,16.5000
2253,16.5000
2254,16.5000
2255,16.5000
2256,16.5000
2257,16.5000
2258,16.5000
2259,16.5000
2260,16.5000
2261,16.5000
2262,16.5000
2263,16.5000
2264,16.5000
2265,16.5000
2266,16.5000
2267,16.5000
2268,16.5000
2269,16.5000
2270,16.5000
2271,16.5000
2272,16.5000
2273,16.5000
2274,16.5000
2275,16.5000
2276,16.5000
2277,16.5000
2278,16.5000
2279,16.5000
2280,16.5000
2281,16.5000
2282,16.5000
2283,16.5000
2284,16.5000
2285,16.5000
2286,16.5000
2287,16.5000
2288,16.5000
2289,16.5000
2290,16.5000
2291,16.5000
2292,16.5000
2293,16.5000
2294,16.5000
2295,16.5000
2296,16.5000
2297,16.5000
2298,16.5000
2299,16.5000
2300,16.5000
2301,16.5000
2302,16.5000
2303,16.5000
2304,16.5000
2305,16.5000
2306,16.5000
2307,16.5000
2308,16.5000
2309,16.5000
2310,16.5000
2311,16.5000
2312,16.5000
2313,16.5000
2314,16.5000
2315,16.5000
2316,16.5000
2317,16.5000
2318,16.5000
2319,16.5000
2320,16.5000
2321,16.5000
2322,16.5000
2323,16.5000
2324,16.5000
2325,16.5000
2326,16.5000
2327,16.5000
2328,16.5000
2329,16.5000
2330,16.5000
2331,16.5000
2332,16.5000
2333,16.5000
2334,16.5000
2335,16.5000
2336,16.5000
2337,16.5000
2338,16.5000
2339,16.5000
2340,16.5000
2341,16.5000
2342,16.5000
2343,16.5000
2344,16.5000
2345,16.5000
2346,16.5000
2347,16.5000
2348,16.5000
2349,16.5000
2350,16.5000
2351,16.5000
2352,16.5000
2353,16.5000
2354,16.5000
2355,16.5000
2356,16.5000
2357,16.5000
2358,16.5000
2359,16.5000
2360,16.5000
2361,16.5000
2362,16.5000
2363,16.5000
2364,16.5000
2365,16.5000
2366,16.5000
2367,16.5000
2368,16.5000
2369,16.5000
2370,16.5000
2371,16.5000
2372,16.5000
2373,16.5000
2374,16.5000
2375,16.5000
2376,16.5000
2377,16.5000
2378,16.5000
2379,16.5000
2380,16.5000
2381,16.5000
2382,16.5000
2383,16.5000
2384,16.5000
2385,16.5000
2386,16.5000
2387,16.5000
2388,16.5000
2389,16.5000
2390,16.5000
2391,16.5000
2392,16.5000
2393,16.5000
2394,16.5000
2395,16.5000
2396,16.5000
2397,16.5000
2398,16.5000
2399,16.5000
2400,16.5000
2401,16.5000
2402,16.5000
2403,16.5000
2404,16.5000
2405,16.5000
2406,16.5000
2407,16.5000
2408,16.5000
2409,16.5000
2410,16.5000
2411,16.5000
2412,16.5000
2413,16.5000
2414,16.5000
2415,16.5000
2416,16.5000
2417,16.5000
2418,16.5000
2419,16.5000
2420,16.5000
2421,16.5000
2422,16.5000
2423,16.5000
2424,16.5000
2425,16.5000
2426,16.5000
2427,16.5000
2428,16.5000
2429,16.5000
2430,16.5000
2431,16.5000
2432,16.5000
2433,16.5000
2434,16.5000
2435,16.5000
2436,16.5000
2437,16.5000
2438,16.5000
2439,16.5000
2440,16.5000
2441,16.5000
2442,16.5000
2443,16.5000
2444,16.5000
2445,16.5000
2446,16.5000
2447,16.5000
2448,16.5000
2449,16.5000
2450,16.5000
2451,16.5000
2452,16.5000
2453,16.5000
2454,16.5000
2455,16.5000
2456,16.5000
2457,16.5000
2458,16.5000
2459,16.5000
2460,16.5000
2461,16.5000
2462,16.5000
2463,16.5000
2464,16.5000
2465,16.5000
2466,16.5000
2467,16.5000
2468,16.5000
2469,16.5000
2470,16.5000
2471,16.5000
2472,16.5000
2473,16.5000
2474,16.5000
2475,16.5000
2476,16.5000
2477,16.5000
2478,16.5000
2479,16.5000
2480,16.5000
2481,16.5000
2482,16.5000
2483,16.5000
2484,16.5000
2485,16.5000
2486,16.5000
2487,16.5000
2488,16.5000
2489,16.5000
2490,16.5000
2491,16.5000
2492,16.5000
2493,16.5000
2494,16.5000
2495,16.5000
2496,16.5000
2497,16.5000
2498,16.5000
2499,16.5000
2500,16.5000
2501,16.5000
2502,16.5000
2503,16.5000
2504,16.5000
2505,16.5000
2506,16.5000
2507,16.5000
2508,16.5000
2509,16.5000
2510,16.5000
2511,16.5000
2512,16.5000
2513,16.5000
2514,16.5000
2515,16.5000
2516,16.5000
2517,16.5000
2518,16.5000
2519,16.5000
2520,16.5000
2521,16.5000
2522,16.5000
2523,16.5000
2524,16.5000
2525,16.5000
2526,16.5000
2527,16.5000
2528,16.5000
2529,16.5000
2530,16.5000
2531,16.5000
2532,16.5000
2533,16.5000
2534,16.5000
2535,16.5000
2536,16.5000
2537,16.5000
2538,16.5000
2539,16.5000
2540,16.5000
2541,16.5000
2542,16.5000
2543,16.5000
2544,16.5000
2545,16.5000
2546,16.5000
2547,16.5000
2548,16.5000
2549,16.5000
2550,16.5000
2551,16.5000
2552,16.5000
2553,16.5000
2554,16.5000
2555,16.5000
2556,16.5000
2557,16.5000
2558,16.5000
2559,16.5000
2560,16.5000
2561,16.5000
2562,16.5000
2563,16.5000
2564,16.5000
2565,16.5000
2566,16.5000
2567,16.5000
2568,16.5000
2569,16.5000
2570,16.5000
2571,16.5000
2572,16.5000
2573,16.5000
2574,16.5000
2575,16.5000
2576,16.5000
2577,16.5000
2578,16.5000
2579,16.5000
2580,16.5000
2581,16.5000
2582,16.5000
2583,16.5000
2584,16.5000
2585,16.5000
2586,16.5000
2587,16.5000
2588,16.5000
2589,16.5000
2590,16.5000
2591,16.5000
2592,16.5000
2593,16.5000
2594,16.5000
2595,16.5000
2596,16.5000
2597,16.5000
2598,16.5000
2599,16.5000
2600,16.5000
2601,16.5000
2602,16.5000
2603,16.5000
2604,16.5000
2605,16.5000
2606,16.5000
2607,16.5000
2608,16.5000
2609,16.5000
2610,16.5000
2611,16.5000
2612,16.5000
2613,16.5000
2614,16.5000
2615,16.5000
2616,16.5000
2617,16.5000
2618,16.5000
2619,16.5000
2620,16.5000
2621,16.5000
2622,16.5000
2623,16.5000
2624,16.5000
2625,16.5000
2626,16.5000
2627,16.5000
2628,16.5000
2629,16.5000
2630,16.5000
2631,16.5000
2632,16.5000
2633,16.5000
2634,16.5000
2635,16.5000
2636,16.5000
2637,16.5000
2638,16.5000
2639,16.5000
2640,16.5000
2641,16.5000
2642,16.5000
2643,16.5000
2644,16.5000
2645,16.5000
2646,16.5000
2647,16.5000
2648,16.5000
2649,16.5000
2650,16.5000
2651,16.5000
2652,16.5000
2653,16.5000
2654,16.5000
2655,16.5000
2656,16.5000
2657,16.5000
2658,16.5000
2659,16.5000
2660,16.5000
2661,16.5000
2662,16.5000
2663,16.5000
2664,16.5000
2665,16.5000
2666,16.5000
2667,16.5000
2668,16.5000
2669,16.5000
2670,16.5000
2671,16.5000
2672,16.5000
2673,16.5000
2674,16.5000
2675,16.5000
2676,16.5000
2677,16.5000
2678,16.5000
2679,16.5000
2680,16.5000
2681,16.5000
2682,16.5000
2683,16.5000
2684,1.1400
2685,1.1400
2686,1.1400
2687,1.1400
2688,199.0000
2689,199.0000
2690,199.0000
2691,199.0000
2692,199.0000
2693,199.0000
2694,199.0000
2695,199.0000
2696,199.0000
2697,199.0000
2698,199.0000
2699,199.0000
2700,199.0000
2701,199.0000
2702,199.0000
2703,199.0000
2704,199.0000
2705,199.0000
2706,199.0000
2707,71.0000
2708,71.0000
2709,71.0000
2710,71.0000
2711,2.6200
2712,2.6200
2713,2.6200
2714,2.6200
2715,2.6200
2716,2.6200
2717,2.6200
2718,2.6200
2719,2.6200
2720,2.6200
2721,2.6200
2722,2.6200
2723,2.6200
2724,2.6200
2725,2.6200
2726,2.6200
2727,2.6200
2728,2.6200
2729,2.6200
2730,2.6200
2731,2.6200
2732,2.6200
2733,2.6200
2734,2.6200
2735,2.6200
2736,2.6200
2737,2.6200
2738,2.6200
2739,2.6200
2740,2.6200
2741,2.6200
2742,2.6200
2743,2.6200
2744,2.6200
2745,2.6200
2746,2.6200
2747,2.6200
2748,2.6200
2749,2.6200
2750,2.6200
2751,2.6200
2752,2.6200
2753,2.6200
2754,17.9800
2755,23.1000
2756,23.1000
2757,23.1000
2758,23.1000
2759,52.0000
2760,52.0000
2761,52.0000
2762,52.0000
2763,52.0000
2764,52.0000
2765,52.0000
2766,52.0000
2767,52.0000
2768,52.0000
2769,52.0000
2770,52.0000
2771,52.0000
2772,52.0000
2773,52.0000
2774,52.0000
2775,52.0000
2776,52.0000
2777,52.0000
2778,52.0000
2779,52.0000
2780,52.0000
2781,52.0000
2782,52.0000
2783,52.0000
2784,52.0000
2785,52.0000
2786,52.0000
2787,52.0000
2788,52.0000
2789,26.4000
2790,26.4000
2791,26.4000
2792,26.4000
2793,26.4000
2794,26.4000
2795,0.8000
2796,0.8000
2797,0.8000
2798,0.8000
2799,0.8000
2800,0.8000
2801,0.8000
2802,0.8000
2803,0.8000
2804,0.8000
2805,0.8000
2806,0.8000
2807,0.8000
2808,0.8000
2809,0.8000
2810,0.8000
2811,0.8000
2812,0.8000
2813,0.8000
2814,0.8000
2815,0.8000
2816,0.8000
2817,0.8000
2818,0.8000
2819,0.8000
2820,0.8000
2821,0.8000
2822,0.8000
2823,0.8000
2824,0.8000
2825,0.8000
2826,0.8000
2827,0.8000
2828,0.8000
2829,0.8000
2830,0.8000
2831,0.8000
2832,0.8000
2833,0.8000
2834,0.8000
2835,0.8000
2836,0.8000
2837,0.8000
2838,0.8000
2839,0.8000
2840,0.8000
2841,0.8000
2842,0.8000
2843,0.8000
2844,0.8000
2845,0.8000
2846,0.8000
2847,0.8000
2848,0.8000
2849,0.8000
2850,0.8000
2851,0.8000
2852,0.8000
2853,0.8000
2854,0.8000
2855,0.8000
2856,0.8000
2857,0.8000
2858,0.8000
2859,0.8000
2860,0.8000
2861,0.8000
2862,0.8000
2863,0.8000
2864,0.8000
2865,0.8000
2866,0.8000
2867,0.8000
2868,0.8000
2869,0.8000
2870,0.8000
2871,0.8000
2872,0.8000
2873,0.8000
2874,0.8000
2875,0.8000
2876,0.8000
2877,0.8000
2878,0.8000
2879,0.8000
2880,0.8000
2881,0.8000
2882,0.8000
2883,0.8000
2884,0.8000
2885,0.8000
2886,0.8000
2887,0.8000
2888,0.8000
2889,0.8000
2890,0.8000
2891,0.8000
2892,0.8000
2893,0.8000
2894,0.8000
2895,0.8000
2896,0.8000
2897,0.8000
2898,0.8000
2899,0.8000
2900,0.8000
2901,0.8000
2902,0.8000
2903,0.8000
2904,0.8000
2905,0.8000
2906,0.8000
2907,0.8000
2908,0.8000
2909,0.8000
2910,0.8000
2911,0.8000
2912,0.8000
2913,0.8000
2914,0.8000
2915,0.8000
2916,0.8000
2917,0.8000
2918,0.8000
2919,0.8000
2920,0.8000
2921,0.8000
2922,0.8000
2923,0.8000
2924,0.8000
2925,0.8000
2926,0.8000
2927,0.8000
2928,0.8000
2929,0.8000
2930,0.8000
2931,0.8000
2932,0.8000
2933,0.8000
2934,0.8000
2935,0.8000
2936,0.8000
2937,0.8000
2938,0.8000
2939,0.8000
2940,0.8000
2941,0.8000
2942,0.8000
2943,0.8000
2944,0.8000
2945,0.8000
2946,0.8000
2947,0.8000
2948,0.8000
2949,0.8000
2950,0.8000
2951,0.8000
2952,0.8000
2953,0.8000
2954,0.8000
2955,0.8000
2956,0.8000
2957,0.8000
2958,0.8000
2959,0.8000
2960,0.8000
2961,0.8000
2962,0.8000
2963,0.8000
2964,0.8000
2965,0.8000
2966,0.8000
2967,0.8000
2968,0.8000
2969,0.8000
2970,0.8000
2971,0.8000
2972,0.8000
2973,0.8000
2974,0.8000
2975,0.8000
2976,0.8000
2977,0.8000
2978,0.8000
2979,0.8000
2980,0.8000
2981,0.8000
2982,0.8000
2983,0.8000
2984,0.8000
2985,0.8000
2986,0.8000
2987,0.8000
2988,0.8000
2989,0.8000
2990,0.8000
2991,0.8000
2992,0.8000
2993,0.8000
2994,0.8000
2995,0.8000
2996,0.8000
2997,0.8000
2998,0.8000
2999,0.8000
3000,0.8000
3001,0.8000
3002,0.8000
3003,0.8000
3004,0.8000
3005,0.8000
3006,0.8000
3007,0.8000
3008,0.8000
3009,0.8000
3010,0.8000
3011,0.8000
3012,0.8000
3013,0.8000
3014,0.8000
3015,0.8000
3016,0.8000
3017,0.8000
3018,0.8000
3019,0.8000
3020,0.8000
3021,0.8000
3022,0.8000
3023,0.8000
3024,0.8000
3025,0.8000
3026,0.8000
3027,0.8000
3028,0.8000
3029,0.8000
3030,0.8000
3031,0.8000
3032,0.8000
3033,0.8000
3034,0.8000
3035,0.8000
3036,0.8000
3037,0.8000
3038,0.8000
3039,0.8000
3040,0.8000
3041,0.8000
3042,0.8000
3043,0.8000
3044,0.8000
3045,0.8000
3046,0.8000
3047,0.8000
3048,0.8000
3049,0.8000
3050,0.8000
3051,0.8000
3052,0.8000
3053,0.8000
3054,0.8000
3055,0.8000
3056,0.8000
3057,0.8000
3058,0.8000
3059,0.8000
3060,0.8000
3061,0.8000
3062,0.8000
3063,0.8000
3064,0.8000
3065,0.8000
3066,0.8000
3067,0.8000
3068,0.8000
3069,0.8000
3070,0.8000
3071,0.8000
3072,0.8000
3073,0.8000
3074,0.8000
3075,0.8000
3076,0.8000
3077,0.8000
3078,0.8000
3079,0.8000
3080,0.8000
3081,0.8000
3082,0.8000
3083,0.8000
3084,0.8000
3085,0.8000
3086,0.8000
3087,0.8000
3088,0.8000
3089,0.8000
3090,0.8000
3091,0.8000
3092,0.8000
3093,0.8000
3094,0.8000
3095,0.8000
3096,0.8000
3097,0.8000
3098,0.8000
3099,0.8000
3100,0.8000
3101,0.8000
3102,0.8000
3103,0.8000
3104,0.8000
3105,0.8000
3106,0.8000
3107,0.8000
3108,0.8000
3109,0.8000
3110,0.8000
3111,0.8000
3112,0.8000
3113,0.8000
3114,0.8000
3115,0.8000
3116,0.8000
3117,0.8000
3118,0.8000
3119,0.8000
3120,0.8000
3121,0.8000
3122,0.8000
3123,0.8000
3124,0.8000
3125,0.8000
3126,0.8000
3127,0.8000
3128,0.8000
3129,0.8000
3130,0.8000
3131,0.8000
3132,0.8000
3133,0.8000
3134,0.8000
3135,0.8000
3136,0.8000
3137,0.8000
3138,0.8000
3139,0.8000
3140,0.8000
3141,0.8000
3142,0.8000
3143,0.8000
3144,0.8000
3145,0.8000
3146,0.8000
3147,0.8000
3148,0.8000
3149,0.8000
3150,0.8000
3151,0.8000
3152,0.8000
3153,0.8000
3154,0.8000
3155,0.8000
3156,0.8000
3157,0.8000
3158,0.8000
3159,0.8000
3160,0.8000
3161,0.8000
3162,0.8000
3163,0.8000
3164,0.8000
3165,0.8000
3166,0.8000
3167,0.8000
3168,0.8000
3169,0.8000
3170,0.8000
3171,0.8000
3172,0.8000
3173,0.8000
3174,0.8000
3175,0.8000
3176,0.8000
3177,0.8000
3178,0.8000
3179,0.8000
3180,0.8000
3181,0.8000
3182,0.8000
3183,0.8000
3184,0.8000
3185,0.8000
3186,0.8000
3187,0.8000
3188,0.8000
3189,0.8000
3190,0.8000
3191,0.8000
3192,0.8000
3193,0.8000
3194,0.8000
3195,0.8000
3196,0.8000
3197,0.8000
3198,0.8000
3199,0.8000
3200,0.8000
3201,0.8000
3202,0.8000
3203,0.8000
3204,0.8000
3205,0.8000
3206,0.8000
3207,0.8000
3208,0.8000
3209,0.8000
3210,0.8000
3211,0.8000
3212,0.8000
3213,0.8000
3214,0.8000
3215,0.8000
3216,0.8000
3217,0.8000
3218,0.8000
3219,0.8000
3220,0.8000
3221,0.8000
3222,0.8000
3223,0.8000
3224,0.8000
3225,0.8000
3226,0.8000
3227,0.8000
3228,0.8000
3229,0.8000
3230,0.8000
3231,0.8000
3232,0.8000
3233,0.8000
3234,0.8000
3235,0.8000
3236,0.8000
3237,0.8000
3238,0.8000
3239,0.8000
3240,0.8000
3241,0.8000
3242,0.8000
3243,0.8000
3244,0.8000
3245,0.8000
3246,0.8000
3247,0.8000
3248,0.8000
3249,0.8000
3250,0.8000
3251,0.8000
3252,0.8000
3253,0.8000
3254,0.8000
3255,0.8000
3256,0.8000
3257,0.8000
3258,0.8000
3259,0.8000
3260,0.8000
3261,0.8000
3262,0.8000
3263,0.8000
3264,0.8000
3265,0.8000
3266,0.8000
3267,0.8000
3268,0.8000
3269,0.8000
3270,0.8000
3271,0.8000
3272,0.8000
3273,0.8000
3274,0.8000
3275,0.8000
3276,0.8000
3277,0.8000
3278,0.8000
3279,0.8000
3280,0.8000
3281,0.8000
3282,0.8000
3283,0.8000
3284,0.8000
3285,0.8000
3286,0.8000
3287,0.8000
3288,0.8000
3289,0.8000
3290,0.8000
3291,0.8000
3292,0.8000
3293,0.8000
3294,0.8000
3295,0.8000
3296,0.8000
3297,0.8000
3298,0.8000
3299,0.8000
3300,0.8000
3301,0.8000
3302,0.8000
3303,0.8000
3304,0.8000
3305,0.8000
3306,0.8000
3307,0.8000
3308,0.8000
3309,0.8000
3310,0.8000
3311,0.8000
3312,0.8000
3313,0.8000
3314,0.8000
3315,0.8000
3316,0.8000
3317,0.8000
3318,0.8000
3319,0.8000
3320,0.8000
3321,0.8000
3322,0.8000
3323,0.8000
3324,0.8000
3325,0.8000
3326,0.8000
3327,0.8000
3328,0.8000
3329,0.8000
3330,0.8000
3331,0.8000
3332,0.8000
3333,0.8000
3334,0.8000
3335,0.8000
3336,0.8000
3337,0.8000
3338,0.8000
3339,0.8000
3340,0.8000
3341,0.8000
3342,0.8000
3343,0.8000
3344,0.8000
3345,0.8000
3346,0.8000
3347,0.8000
3348,0.8000
3349,0.8000
3350,0.8000
3351,0.8000
3352,0.8000
3353,0.8000
3354,0.8000
3355,0.8000
3356,0.8000
3357,0.8000
3358,0.8000
3359,0.8000
3360,0.8000
3361,0.8000
3362,0.8000
3363,0.8000
3364,0.8000
3365,0.8000
3366,0.8000
3367,0.8000
3368,0.8000
3369,0.8000
3370,0.8000
3371,0.8000
3372,0.8000
3373,0.8000
3374,0.8000
3375,0.8000
3376,0.8000
3377,0.8000
3378,0.8000
3379,0.8000
3380,0.8000
3381,0.8000
3382,0.8000
3383,0.8000
3384,0.8000
3385,0.8000
3386,0.8000
3387,0.8000
3388,0.8000
3389,0.8000
3390,0.8000
3391,0.8000
3392,0.8000
3393,0.8000
3394,0.8000
3395,0.8000
3396,0.8000
3397,0.8000
3398,0.8000
3399,0.8000
3400,0.8000
3401,0.8000
3402,0.8000
3403,0.8000
3404,0.8000
3405,0.8000
3406,0.8000
3407,0.8000
3408,0.8000
3409,0.8000
3410,0.8000
3411,0.8000
3412,0.8000
3413,0.8000
3414,0.8000
3415,0.8000
3416,0.8000
3417,0.8000
3418,0.8000
3419,0.8000
3420,0.8000
3421,0.8000
3422,0.8000
3423,0.8000
3424,0.8000
3425,0.8000
3426,0.8000
3427,0.8000
3428,0.8000
3429,0.8000
3430,0.8000
3431,0.8000
3432,0.8000
3433,0.8000
3434,0.8000
3435,0.8000
3436,0.8000
3437,0.8000
3438,0.8000
3439,0.8000
3440,0.8000
3441,0.8000
3442,0.8000
3443,0.8000
3444,0.8000
3445,0.8000
3446,0.8000
3447,0.8000
3448,0.8000
3449,0.8000
3450,0.8000
3451,0.8000
3452,0.8000
3453,0.8000
3454,0.8000
3455,0.8000
3456,0.8000
3457,0.8000
3458,0.8000
3459,0.8000
3460,0.8000
3461,0.8000
3462,0.8000
3463,0.8000
3464,0.8000
3465,0.8000
3466,0.8000
3467,0.8000
3468,0.8000
3469,0.8000
3470,0.8000
3471,0.8000
3472,0.8000
3473,0.8000
3474,0.8000
3475,0.8000
3476,0.8000
3477,0.8000
3478,0.8000
3479,0.8000
3480,0.8000
3481,0.8000
3482,0.8000
3483,0.8000
3484,0.8000
3485,0.8000
3486,0.8000
3487,0.8000
3488,0.8000
3489,0.8000
3490,0.8000
3491,0.8000
3492,0.8000
3493,0.8000
3494,0.8000
3495,0.8000
3496,0.8000
3497,0.8000
3498,0.8000
3499,0.8000
3500,0.8000
3501,0.8000
3502,0.8000
3503,0.8000
3504,0.8000
3505,0.8000
3506,0.8000
3507,0.8000
3508,0.8000
3509,0.8000
3510,0.8000
3511,0.8000
3512,0.8000
3513,0.8000
3514,0.8000
3515,0.8000
3516,0.8000
3517,0.8000
3518,0.8000
3519,0.8000
3520,0.8000
3521,0.8000
3522,0.8000
3523,0.8000
3524,0.8000
3525,0.8000
3526,0.8000
3527,0.8000
3528,0.8000
3529,0.8000
3530,0.8000
3531,0.8000
3532,0.8000
3533,0.8000
3534,0.8000
3535,0.8000
3536,0.8000
3537,0.8000
3538,0.8000
3539,0.8000
3540,0.8000
3541,0.8000
3542,0.8000
3543,0.8000
3544,0.8000
3545,0.8000
3546,0.8000
3547,0.8000
3548,0.8000
3549,0.8000
3550,0.8000
3551,0.8000
3552,0.8000
3553,0.8000
3554,0.8000
3555,0.8000
3556,0.8000
3557,0.8000
3558,0.8000
3559,0.8000
3560,0.8000
3561,0.8000
3562,0.8000
3563,0.8000
3564,0.8000
3565,0.8000
3566,0.8000
3567,0.8000
3568,0.8000
3569,0.8000
3570,0.8000
3571,0.8000
3572,0.8000
3573,0.8000
3574,0.8000
3575,0.8000
3576,0.8000
3577,0.8000
3578,0.8000
3579,0.8000
3580,0.8000
3581,0.8000
3582,0.8000
3583,0.8000
3584,0.8000
3585,0.8000
3586,0.8000
3587,0.8000
3588,0.8000
3589,0.8000
3590,0.8000
3591,0.8000
3592,0.8000
3593,0.8000
3594,0.8000
3595,0.8000
3596,0.8000
3597,0.8000
3598,0.8000
3599,0.8000
3600,0.8000
3601,0.8000
3602,0.8000
3603,0.8000
3604,0.8000
3605,0.8000
3606,0.8000
3607,0.8000
3608,0.8000
3609,0.8000
3610,0.8000
3611,0.8000
3612,0.8000
3613,0.8000
3614,0.8000
3615,0.8000
3616,0.8000
3617,0.8000
3618,0.8000
3619,0.8000
3620,0.8000
3621,0.8000
3622,0.8000
3623,0.8000
3624,0.8000
3625,0.8000
3626,0.8000
3627,0.8000
3628,0.8000
3629,0.8000
3630,0.8000
3631,0.8000
3632,0.8000
3633,0.8000
3634,0.8000
3635,0.8000
3636,0.8000
3637,0.8000
3638,0.8000
3639,0.8000
3640,0.8000
3641,0.8000
3642,0.8000
3643,0.8000
3644,0.8000
3645,0.8000
3646,0.8000
3647,0.8000
3648,0.8000
3649,0.8000
3650,0.8000
3651,0.8000
3652,0.8000
3653,0.8000
3654,0.8000
3655,0.8000
3656,0.8000
3657,0.8000
3658,0.8000
3659,0.8000
3660,0.8000
3661,0.8000
3662,0.8000
3663,0.8000
3664,0.8000
3665,0.8000
3666,0.8000
3667,0.8000
3668,0.8000
3669,0.8000
3670,0.8000
3671,0.8000
3672,0.8000
3673,0.8000
3674,0.8000
3675,0.8000
3676,0.8000
3677,0.8000
3678,0.8000
3679,0.8000
3680,0.8000
3681,0.8000
3682,0.8000
3683,0.8000
3684,0.8000
3685,0.8000
3686,0.8000
3687,0.8000
3688,0.8000
3689,0.8000
3690,0.8000
3691,0.8000
3692,0.8000
3693,0.8000
3694,0.8000
3695,0.8000
3696,0.8000
3697,0.8000
3698,0.8000
3699,0.8000
3700,0.8000
3701,0.8000
3702,0.8000
3703,0.8000
3704,0.8000
3705,0.8000
3706,0.8000
3707,0.8000
3708,0.8000
3709,0.8000
3710,0.8000
3711,0.8000
3712,0.8000
3713,0.8000
3714,0.8000
3715,0.8000
3716,0.8000
3717,0.8000
3718,0.8000
3719,0.8000
3720,0.8000
3721,0.8000
3722,0.8000
3723,0.8000
3724,0.8000
3725,0.8000
3726,0.8000
3727,0.8000
3728,0.8000
3729,0.8000
3730,0.8000
3731,0.8000
3732,0.8000
3733,0.8000
3734,0.8000
3735,0.8000
3736,0.8000
3737,0.8000
3738,0.8000
3739,0.8000
3740,0.8000
3741,0.8000
3742,0.8000
3743,0.8000
3744,0.8000
3745,0.8000
3746,0.8000
3747,0.8000
3748,0.8000
3749,0.8000
3750,0.8000
3751,0.8000
3752,0.8000
3753,0.8000
3754,0.8000
3755,0.8000
3756,0.8000
3757,0.8000
3758,0.8000
3759,0.8000
3760,0.8000
3761,0.8000
3762,0.8000
3763,0.8000
3764,0.8000
3765,0.8000
3766,0.8000
3767,0.8000
3768,0.8000
3769,0.8000
3770,0.8000
3771,0.8000
3772,0.8000
3773,0.8000
3774,0.8000
3775,0.8000
3776,0.8000
3777,0.8000
3778,0.8000
3779,0.8000
3780,0.8000
3781,0.8000
3782,0.8000
3783,0.8000
3784,0.8000
3785,0.8000
3786,0.8000
3787,0.8000
3788,0.8000
3789,0.8000
3790,0.8000
3791,0.8000
3792,0.8000
3793,0.8000
3794,0.8000
3795,0.8000
3796,0.8000
3797,0.8000
3798,0.8000
3799,0.8000
3800,0.8000
3801,0.8000
3802,0.8000
3803,0.8000
3804,0.8000
3805,0.8000
3806,0.8000
3807,0.8000
3808,0.8000
3809,0.8000
3810,0.8000
3811,0.8000
3812,0.8000
3813,0.8000
3814,0.8000
3815,0.8000
3816,0.8000
3817,0.8000
3818,0.8000
3819,0.8000
3820,0.8000
3821,0.8000
3822,0.8000
3823,0.8000
3824,0.8000
3825,0.8000
3826,0.8000
3827,0.8000
3828,0.8000
3829,0.8000
3830,0.8000
3831,0.8000
3832,0.8000
3833,0.8000
3834,0.8000
3835,0.8000
3836,0.8000
3837,0.8000
3838,0.8000
3839,0.8000
3840,0.8000
3841,0.8000
3842,0.8000
3843,0.8000
3844,0.8000
3845,0.8000
3846,0.8000
3847,0.8000
3848,0.8000
3849,0.8000
3850,0.8000
3851,0.8000
3852,0.8000
3853,0.8000
3854,0.8000
3855,0.8000
3856,0.8000
3857,0.8000
3858,0.8000
3859,0.8000
3860,0.8000
3861,0.8000
3862,0.8000
3863,0.8000
3864,0.8000
3865,0.8000
3866,0.8000
3867,0.8000
3868,0.8000
3869,0.8000
3870,0.8000
3871,0.8000
3872,0.8000
3873,0.8000
3874,0.8000
3875,0.8000
3876,0.8000
3877,0.8000
3878,0.8000
3879,0.8000
3880,0.8000
3881,0.8000
3882,0.8000
3883,0.8000
3884,0.8000
3885,0.8000
3886,0.8000
3887,0.8000
3888,0.8000
3889,0.8000
3890,0.8000
3891,0.8000
3892,0.8000
3893,0.8000
3894,0.8000
3895,0.8000
3896,0.8000
3897,0.8000
3898,0.8000
3899,0.8000
3900,0.8000
3901,0.8000
3902,0.8000
3903,0.8000
3904,0.8000
3905,0.8000
3906,0.8000
3907,0.8000
3908,0.8000
3909,0.8000
3910,0.8000
3911,0.8000
3912,0.8000
3913,0.8000
3914,0.8000
3915,0.8000
3916,0.8000
3917,0.8000
3918,0.8000
3919,0.8000
3920,0.8000
3921,0.8000
3922,0.8000
3923,0.8000
3924,0.8000
3925,0.8000
3926,0.8000
3927,0.8000
3928,0.8000
3929,0.8000
3930,0.8000
3931,0.8000
3932,0.8000
3933,0.8000
3934,0.8000
3935,0.8000
3936,0.8000
3937,0.8000
3938,0.8000
3939,0.8000
3940,0.8000
3941,0.8000
3942,0.8000
3943,0.8000
3944,0.8000
3945,0.8000
3946,0.8000
3947,0.8000
3948,0.8000
3949,0.8000
3950,0.8000
3951,0.8000
3952,0.8000
3953,0.8000
3954,0.8000
3955,0.8000
3956,0.8000
3957,0.8000
3958,0.8000
3959,0.8000
3960,0.8000
3961,0.8000
3962,0.8000
3963,0.8000
3964,0.8000
3965,0.8000
3966,0.8000
3967,0.8000
3968,0.8000
3969,0.8000
3970,0.8000
3971,0.8000
3972,0.8000
3973,0.8000
3974,0.8000
3975,0.8000
3976,0.8000
3977,0.8000
3978,0.8000
3979,0.8000
3980,0.8000
3981,0.8000
3982,0.8000
3983,0.8000
3984,0.8000
3985,0.8000
3986,0.8000
3987,0.8000
3988,0.8000
3989,0.8000
3990,0.8000
3991,0.8000
3992,0.8000
3993,0.8000
3994,0.8000
3995,0.8000
3996,0.8000
3997,0.8000
3998,0.8000
3999,0.8000
4000,0.8000
4001,0.8000
4002,0.8000
4003,0.8000
4004,0.8000
4005,0.8000
4006,0.8000
4007,0.8000
4008,0.8000
4009,0.8000
4010,0.8000
4011,0.8000
4012,0.8000
4013,0.8000
4014,0.8000
4015,0.8000
4016,0.8000
4017,0.8000
4018,0.8000
4019,0.8000
4020,0.8000
4021,0.8000
4022,0.8000
4023,0.8000
4024,0.8000
4025,0.8000
4026,0.8000
4027,0.8000
4028,0.8000
4029,0.8000
4030,0.8000
4031,0.8000
4032,0.8000
4033,0.8000
4034,0.8000
4035,0.8000
4036,0.8000
4037,0.8000
4038,0.8000
4039,0.8000
4040,0.8000
4041,0.8000
4042,0.8000
4043,0.8000
4044,0.8000
4045,0.8000
4046,0.8000
4047,0.8000
4048,0.8000
4049,0.8000
4050,0.8000
4051,0.8000
4052,0.8000
4053,0.8000
4054,0.8000
4055,0.8000
4056,0.8000
4057,0.8000
4058,0.8000
4059,0.8000
4060,0.8000
4061,0.8000
4062,0.8000
4063,0.8000
4064,0.8000
4065,0.8000
4066,0.8000
4067,0.8000
4068,0.8000
4069,0.8000
4070,0.8000
4071,0.8000
4072,0.8000
4073,0.8000
4074,0.8000
4075,0.8000
4076,0.8000
4077,0.8000
4078,0.8000
4079,0.8000
4080,0.8000
4081,0.8000
4082,0.8000
4083,0.8000
4084,0.8000
4085,0.8000
4086,0.8000
4087,0.8000
4088,0.8000
4089,0.8000
4090,0.8000
4091,0.8000
4092,0.8000
4093,0.8000
4094,0.8000
4095,0.8000
4096,0.8000
4097,0.8000
4098,0.8000
4099,0.8000
4100,0.8000
4101,0.8000
4102,0.8000
4103,0.8000
4104,0.8000
4105,0.8000
4106,0.8000
4107,0.8000
4108,0.8000
4109,0.8000
4110,0.8000
4111,0.8000
4112,0.8000
4113,0.8000
4114,0.8000
4115,0.8000
4116,0.8000
4117,0.8000
4118,0.8000
4119,0.8000
4120,0.8000
4121,0.8000
4122,0.8000
4123,0.8000
4124,0.8000
4125,0.8000
4126,0.8000
4127,0.8000
4128,0.8000
4129,0.8000
4130,0.8000
4131,0.8000
4132,0.8000
4133,0.8000
4134,0.8000
4135,0.8000
4136,0.8000
4137,0.8000
4138,0.8000
4139,0.8000
4140,0.8000
4141,0.8000
4142,0.8000
4143,0.8000
4144,0.8000
4145,0.8000
4146,0.8000
4147,0.8000
4148,0.8000
4149,0.8000
4150,0.8000
4151,0.8000
4152,0.8000
4153,0.8000
4154,0.8000
4155,0.8000
4156,0.8000
4157,0.8000
4158,0.8000
4159,0.8000
4160,0.8000
4161,0.8000
4162,0.8000
4163,0.8000
4164,0.8000
4165,0.8000
4166,0.8000
4167,0.8000
4168,0.8000
4169,0.8000
4170,0.8000
4171,0.8000
4172,0.8000
4173,0.8000
4174,0.8000
4175,0.8000
4176,0.8000
4177,0.8000
4178,0.8000
4179,0.8000
4180,0.8000
4181,0.8000
4182,0.8000
4183,0.8000
4184,0.8000
4185,0.8000
4186,0.8000
4187,0.8000
4188,0.8000
4189,0.8000
4190,0.8000
4191,0.8000
4192,0.8000
4193,0.8000
4194,0.8000
4195,0.8000
4196,0.8000
4197,0.8000
4198,0.8000
4199,0.8000
4200,0.8000
4201,0.8000
4202,0.8000
4203,0.8000
4204,0.8000
4205,0.8000
4206,0.8000
4207,0.8000
4208,0.8000
4209,0.8000
4210,0.8000
4211,0.8000
4212,0.8000
4213,0.8000
4214,0.8000
4215,0.8000
4216,0.8000
4217,0.8000
4218,0.8000
4219,0.8000
4220,0.8000
4221,0.8000
4222,0.8000
4223,0.8000
4224,0.8000
4225,0.8000
4226,0.8000
4227,0.8000
4228,0.8000
4229,0.8000
4230,0.8000
4231,0.8000
4232,0.8000
4233,0.8000
4234,0.8000
4235,0.8000
4236,0.8000
4237,0.8000
4238,0.8000
4239,0.8000
4240,0.8000
4241,0.8000
4242,0.8000
4243,0.8000
4244,0.8000
4245,0.8000
4246,0.8000
4247,0.8000
4248,0.8000
4249,0.8000
4250,0.8000
4251,0.8000
4252,0.8000
4253,0.8000
4254,0.8000
4255,0.8000
4256,0.8000
4257,0.8000
4258,0.8000
4259,0.8000
4260,0.8000
4261,0.8000
4262,0.8000
4263,0.8000
4264,0.8000
4265,0.8000
4266,0.8000
4267,0.8000
4268,0.8000
4269,0.8000
4270,0.8000
4271,0.8000
4272,0.8000
4273,0.8000
4274,0.8000
4275,0.8000
4276,0.8000
4277,0.8000
4278,0.8000
4279,0.8000
4280,0.8000
4281,0.8000
4282,0.8000
4283,0.8000
4284,0.8000
4285,0.8000
4286,0.8000
4287,0.8000
4288,0.8000
4289,0.8000
4290,0.8000
4291,0.8000
4292,0.8000
4293,0.8000
4294,0.8000
4295,0.8000
4296,0.8000
4297,0.8000
4298,0.8000
4299,0.8000
4300,0.8000
4301,0.8000
4302,0.8000
4303,0.8000
4304,0.8000
4305,0.8000
4306,0.8000
4307,0.8000
4308,0.8000
4309,0.8000
4310,0.8000
4311,0.8000
4312,0.8000
4313,0.8000
4314,0.8000
4315,0.8000
4316,0.8000
4317,0.8000
4318,0.8000
4319,0.8000
4320,0.8000
4321,0.8000
4322,0.8000
4323,0.8000
4324,0.8000
4325,0.8000
4326,0.8000
4327,0.8000
4328,0.8000
4329,0.8000
4330,0.8000
4331,0.8000
4332,0.8000
4333,0.8000
4334,0.8000
4335,0.8000
4336,0.8000
4337,0.8000
4338,0.8000
4339,0.8000
4340,0.8000
4341,0.8000
4342,0.8000
4343,0.8000
4344,0.8000
4345,0.8000
4346,0.8000
4347,0.8000
4348,0.8000
4349,0.8000
4350,0.8000
4351,0.8000
4352,0.8000
4353,0.8000
4354,0.8000
4355,0.8000
4356,0.8000
4357,0.8000
4358,0.8000
4359,0.8000
4360,0.8000
4361,0.8000
4362,0.8000
4363,0.8000
4364,0.8000
4365,0.8000
4366,0.8000
4367,0.8000
4368,0.8000
4369,0.8000
4370,0.8000
4371,0.8000
4372,0.8000
4373,0.8000
4374,0.8000
4375,0.8000
4376,0.8000
4377,0.8000
4378,0.8000
4379,0.8000
4380,0.8000
4381,0.8000
4382,0.8000
4383,0.8000
4384,0.8000
4385,0.8000
4386,0.8000
4387,0.8000
4388,0.8000
4389,0.8000
4390,0.8000
4391,0.8000
4392,0.8000
4393,0.8000
4394,0.8000
4395,0.8000
4396,0.8000
4397,0.8000
4398,0.8000
4399,0.8000
4400,0.8000
4401,0.8000
4402,0.8000
4403,0.8000
4404,0.8000
4405,0.8000
4406,0.8000
4407,0.8000
4408,0.8000
4409,0.8000
4410,0.8000
4411,0.8000
4412,0.8000
4413,0.8000
4414,0.8000
4415,0.8000
4416,0.8000
4417,0.8000
4418,0.8000
4419,0.8000
4420,0.8000
4421,0.8000
4422,0.8000
4423,0.8000
4424,0.8000
4425,0.8000
4426,0.8000
4427,0.8000
4428,0.8000
4429,0.8000
4430,0.8000
4431,0.8000
4432,0.8000
4433,0.8000
4434,0.8000
4435,0.8000
4436,0.8000
4437,0.8000
4438,0.8000
4439,0.8000
4440,0.8000
4441,0.8000
4442,0.8000
4443,0.8000
4444,0.8000
4445,0.8000
4446,0.8000
4447,0.8000
4448,0.8000
4449,0.8000
4450,0.8000
4451,0.8000
4452,0.8000
4453,0.8000
4454,0.8000
4455,0.8000
4456,0.8000
4457,0.8000
4458,0.8000
4459,0.8000
4460,0.8000
4461,0.8000
4462,0.8000
4463,0.8000
4464,0.8000
4465,0.8000
4466,0.8000
4467,0.8000
4468,0.8000
4469,0.8000
4470,0.8000
4471,0.8000
4472,0.8000
4473,0.8000
4474,0.8000
4475,0.8000
4476,0.8000
4477,0.8000
4478,0.8000
4479,0.8000
4480,0.8000
4481,0.8000
4482,0.8000
4483,0.8000
4484,0.8000
4485,0.8000
4486,0.8000
4487,0.8000
4488,0.8000
4489,0.8000
4490,0.8000
4491,0.8000
4492,0.8000
4493,0.8000
4494,0.8000
4495,0.8000
4496,0.8000
4497,0.8000
4498,0.8000
4499,0.8000
4500,0.8000
4501,0.8000
4502,0.8000
4503,0.8000
4504,0.8000
4505,0.8000
4506,0.8000
4507,0.8000
4508,0.8000
4509,0.8000
4510,0.8000
4511,0.8000
4512,0.8000
4513,0.8000
4514,0.8000
4515,0.8000
4516,0.8000
4517,0.8000
4518,0.8000
4519,0.8000
4520,0.8000
4521,0.8000
4522,0.8000
4523,0.8000
4524,0.8000
4525,0.8000
4526,0.8000
4527,0.8000
4528,0.8000
4529,0.8000
4530,0.8000
4531,0.8000
4532,0.8000
4533,0.8000
4534,0.8000
4535,0.8000
4536,0.8000
4537,0.8000
4538,0.8000
4539,0.8000
4540,0.8000
4541,0.8000
4542,0.8000
4543,0.8000
4544,0.8000
4545,0.8000
4546,0.8000
4547,0.8000
4548,0.8000
4549,0.8000
4550,0.8000
4551,0.8000
4552,0.8000
4553,0.8000
4554,0.8000
4555,0.8000
4556,0.8000
4557,0.8000
4558,0.8000
4559,0.8000
4560,0.8000
4561,0.8000
4562,0.8000
4563,0.8000
4564,0.8000
4565,0.8000
4566,0.8000
4567,0.8000
4568,0.8000
4569,0.8000
4570,0.8000
4571,0.8000
4572,0.8000
4573,0.8000
4574,0.8000
4575,0.8000
4576,0.8000
4577,0.8000
4578,0.8000
4579,0.8000
4580,0.8000
4581,0.8000
4582,0.8000
4583,0.8000
4584,0.8000
4585,0.8000
4586,0.8000
4587,0.8000
4588,0.8000
4589,0.8000
4590,0.8000
4591,0.8000
4592,0.8000
4593,0.8000
4594,0.8000
4595,0.8000
4596,0.8000
4597,0.8000
4598,0.8000
4599,0.8000
4600,0.8000
4601,0.8000
4602,0.8000
4603,0.8000
4604,0.8000
4605,0.8000
4606,0.8000
4607,0.8000
4608,0.8000
4609,0.8000
4610,0.8000
4611,0.8000
4612,0.8000
4613,0.8000
4614,0.8000
4615,0.8000
4616,0.8000
4617,0.8000
4618,0.8000
4619,0.8000
4620,0.8000
4621,0.8000
4622,0.8000
4623,0.8000
4624,0.8000
4625,0.8000
4626,0.8000
4627,0.8000
4628,0.8000
4629,0.8000
4630,0.8000
4631,0.8000
4632,0.8000
4633,0.8000
4634,0.8000
4635,0.8000
4636,0.8000
4637,0.8000
4638,0.8000
4639,0.8000
4640,0.8000
4641,0.8000
4642,0.8000
4643,0.8000
4644,0.8000
4645,0.8000
4646,0.8000
4647,0.8000
4648,0.8000
4649,0.8000
4650,0.8000
4651,0.8000
4652,0.8000
4653,0.8000
4654,0.8000
4655,0.8000
4656,0.8000
4657,0.8000
4658,0.8000
4659,0.8000
4660,0.8000
4661,0.8000
4662,0.8000
4663,0.8000
4664,0.8000
4665,0.8000
4666,0.8000
4667,0.8000
4668,0.8000
4669,0.8000
4670,0.8000
4671,0.8000
4672,0.8000
4673,0.8000
4674,0.8000
4675,0.8000
4676,0.8000
4677,0.8000
4678,0.8000
4679,0.8000
4680,0.8000
4681,0.8000
4682,0.8000
4683,0.8000
4684,0.8000
4685,0.8000
4686,0.8000
4687,0.8000
4688,0.8000
4689,0.8000
4690,0.8000
4691,0.8000
4692,0.8000
4693,0.8000
4694,0.8000
4695,0.8000
4696,0.8000
4697,0.8000
4698,0.8000
4699,0.8000
4700,0.8000
4701,0.8000
4702,0.8000
4703,0.8000
4704,0.8000
4705,0.8000
4706,0.8000
4707,0.8000
4708,0.8000
4709,0.8000
4710,0.8000
4711,0.8000
4712,0.8000
4713,0.8000
4714,0.8000
4715,0.8000
4716,0.8000
4717,0.8000
4718,0.8000
4719,0.8000
4720,0.8000
4721,0.8000
4722,0.8000
4723,0.8000
4724,0.8000
4725,0.8000
4726,0.8000
4727,0.8000
4728,0.8000
4729,0.8000
4730,0.8000
4731,0.8000
4732,0.8000
4733,0.8000
4734,0.8000
4735,0.8000
4736,0.8000
4737,0.8000
4738,0.8000
4739,0.8000
4740,0.8000
4741,0.8000
4742,0.8000
4743,0.8000
4744,0.8000
4745,0.8000
4746,0.8000
4747,0.8000
4748,0.8000
4749,0.8000
4750,0.8000
4751,0.8000
4752,0.8000
4753,0.8000
4754,0.8000
4755,0.8000
4756,0.8000
4757,0.8000
4758,0.8000
4759,0.8000
4760,0.8000
4761,0.8000
4762,0.8000
4763,0.8000
4764,0.8000
4765,0.8000
4766,0.8000
4767,0.8000
4768,0.8000
4769,0.8000
4770,0.8000
4771,0.8000
4772,0.8000
4773,0.8000
4774,0.8000
4775,0.8000
4776,0.8000
4777,0.8000
4778,0.8000
4779,0.8000
4780,0.8000
4781,0.8000
4782,0.8000
4783,0.8000
4784,0.8000
4785,0.8000
4786,0.8000
4787,0.8000
4788,0.8000
4789,0.8000
4790,0.8000
4791,0.8000
4792,0.8000
4793,0.8000
4794,0.8000
4795,0.8000
4796,0.8000
4797,0.8000
4798,0.8000
4799,0.8000
4800,0.8000
4801,0.8000
4802,0.8000
4803,0.8000
4804,0.8000
4805,0.8000
4806,0.8000
4807,0.8000
4808,0.8000
4809,0.8000
4810,0.8000
4811,0.8000
4812,0.8000
4813,0.8000
4814,0.8000
4815,0.8000
4816,0.8000
4817,0.8000
4818,0.8000
4819,0.8000
4820,0.8000
4821,0.8000
4822,0.8000
4823,0.8000
4824,0.8000
4825,0.8000
4826,0.8000
4827,0.8000
4828,0.8000
4829,0.8000
4830,0.8000
4831,0.8000
4832,0.8000
4833,0.8000
4834,0.8000
4835,0.8000
4836,0.8000
4837,0.8000
4838,0.8000
4839,0.8000
4840,0.8000
4841,0.8000
4842,0.8000
4843,0.8000
4844,0.8000
4845,0.8000
4846,0.8000
4847,0.8000
4848,0.8000
4849,0.8000
4850,0.8000
4851,0.8000
4852,0.8000
4853,5.9200
4854,5.9200
4855,4.1000
4856,4.1000
4857,4.1000
4858,4.1000
4859,4.1000
4860,4.1000
4861,4.1000
4862,4.1000
4863,4.1000
4864,4.1000
4865,4.1000
4866,4.1000
4867,4.1000
4868,4.1000
4869,4.1000
4870,4.1000
4871,4.1000
4872,4.1000
4873,4.1000
4874,4.1000
4875,4.1000
4876,4.1000
4877,4.1000
4878,4.1000
4879,4.1000
4880,4.1000
4881,4.1000
4882,4.1000
4883,4.1000
4884,4.1000
4885,4.1000
4886,4.1000
4887,4.1000
4888,4.1000
4889,4.1000
4890,4.1000
4891,4.1000
4892,4.1000
4893,4.1000
4894,4.1000
4895,4.1000
4896,4.1000
4897,4.1000
4898,4.1000
4899,4.1000
4900,4.1000
4901,4.1000
4902,4.1000
4903,4.1000
4904,4.1000
4905,4.1000
4906,4.1000
4907,4.1000
4908,4.1000
4909,4.1000
4910,4.1000
4911,4.1000
4912,4.1000
4913,4.1000
4914,4.1000
4915,4.1000
4916,4.1000
4917,4.1000
4918,4.1000
4919,4.1000
4920,4.1000
4921,4.1000
4922,4.1000
4923,4.1000
4924,4.1000
4925,4.1000
4926,4.1000
4927,4.1000
4928,4.1000
4929,4.1000
4930,4.1000
4931,4.1000
4932,4.1000
4933,4.1000
4934,4.1000
4935,4.1000
4936,4.1000
4937,4.1000
4938,4.1000
4939,4.1000
4940,4.1000
4941,4.1000
4942,4.1000
4943,4.1000
4944,4.1000
4945,4.1000
4946,4.1000
4947,4.1000
4948,4.1000
4949,4.1000
4950,4.1000
4951,4.1000
4952,4.1000
4953,4.1000
4954,4.1000
4955,4.1000
4956,4.1000
4957,4.1000
4958,4.1000
4959,4.1000
4960,4.1000
4961,4.1000
4962,4.1000
4963,4.1000
4964,4.1000
4965,4.1000
4966,4.1000
4967,4.1000
4968,4.1000
4969,4.1000
4970,4.1000
4971,4.1000
4972,4.1000
4973,4.1000
4974,4.1000
4975,4.1000
4976,4.1000
4977,4.1000
4978,4.1000
4979,4.1000
4980,4.1000
4981,4.1000
4982,4.1000
4983,4.1000
4984,4.1000
4985,4.1000
4986,4.1000
4987,4.1000
4988,4.1000
4989,4.1000
4990,4.1000
4991,4.1000
4992,4.1000
4993,4.1000
4994,4.1000
4995,4.1000
4996,4.1000
4997,4.1000
4998,4.1000
4999,4.1000
5000,4.1000
5001,4.1000
5002,4.1000
5003,4.1000
5004,4.1000
5005,4.1000
5006,4.1000
5007,4.1000
5008,4.1000
5009,4.1000
5010,4.1000
5011,4.1000
5012,4.1000
5013,4.1000
5014,4.1000
5015,4.1000
5016,4.1000
5017,4.1000
5018,4.1000
5019,4.1000
5020,4.1000
5021,4.1000
5022,4.1000
5023,4.1000
5024,4.1000
5025,4.1000
5026,4.1000
5027,4.1000
5028,4.1000
5029,4.1000
5030,4.1000
5031,4.1000
5032,4.1000
5033,4.1000
5034,4.1000
5035,4.1000
5036,4.1000
5037,4.1000
5038,4.1000
5039,4.1000
5040,4.1000
5041,4.1000
5042,4.1000
5043,4.1000
5044,4.1000
5045,4.1000
5046,4.1000
5047,4.1000
5048,4.1000
5049,4.1000
5050,4.1000
5051,4.1000
5052,4.1000
5053,4.1000
5054,4.1000
5055,4.1000
5056,4.1000
5057,4.1000
5058,4.1000
5059,4.1000
5060,4.1000
5061,4.1000
5062,4.1000
5063,4.1000
5064,4.1000
5065,4.1000
5066,4.1000
5067,4.1000
5068,4.1000
5069,4.1000
5070,4.1000
5071,4.1000
5072,4.1000
5073,4.1000
5074,4.1000
5075,4.1000
5076,4.1000
5077,4.1000
5078,4.1000
5079,4.1000
5080,4.1000
5081,4.1000
5082,4.1000
5083,4.1000
5084,4.1000
5085,4.1000
5086,4.1000
5087,4.1000
5088,4.1000
5089,4.1000
5090,4.1000
5091,4.1000
5092,4.1000
5093,4.1000
5094,4.1000
5095,4.1000
5096,4.1000
5097,4.1000
5098,4.1000
5099,4.1000
5100,4.1000
5101,4.1000
5102,4.1000
5103,4.1000
5104,4.1000
5105,4.1000
5106,4.1000
5107,4.1000
5108,4.1000
5109,4.1000
5110,4.1000
5111,4.1000
5112,4.1000
5113,4.1000
5114,4.1000
5115,4.1000
5116,4.1000
5117,4.1000
5118,4.1000
5119,4.1000
5120,4.1000
5121,4.1000
5122,4.1000
5123,4.1000
5124,4.1000
5125,4.1000
5126,4.1000
5127,4.1000
5128,4.1000
5129,4.1000
5130,4.1000
5131,4.1000
5132,4.1000
5133,4.1000
5134,4.1000
5135,4.1000
5136,4.1000
5137,4.1000
5138,4.1000
5139,4.1000
5140,4.1000
5141,4.1000
5142,4.1000
5143,4.1000
5144,4.1000
5145,4.1000
5146,4.1000
5147,4.1000
5148,4.1000
5149,4.1000
5150,4.1000
5151,4.1000
5152,4.1000
5153,4.1000
5154,4.1000
5155,4.1000
5156,4.1000
5157,4.1000
5158,4.1000
5159,4.1000
5160,4.1000
5161,4.1000
5162,4.1000
5163,4.1000
5164,4.1000
5165,4.1000
5166,4.1000
5167,4.1000
5168,4.1000
5169,4.1000
5170,4.1000
5171,4.1000
5172,4.1000
5173,4.1000
5174,4.1000
5175,4.1000
5176,4.1000
5177,4.1000
5178,4.1000
5179,4.1000
5180,4.1000
5181,4.1000
5182,4.1000
5183,4.1000
5184,4.1000
5185,4.1000
5186,4.1000
5187,4.1000
5188,4.1000
5189,4.1000
5190,4.1000
5191,4.1000
5192,4.1000
5193,4.1000
5194,4.1000
5195,4.1000
5196,4.1000
5197,4.1000
5198,4.1000
5199,4.1000
5200,4.1000
5201,4.1000
5202,4.1000
5203,4.1000
5204,4.1000
5205,4.1000
5206,4.1000
5207,4.1000
5208,4.1000
5209,4.1000
5210,4.1000
5211,4.1000
5212,4.1000
5213,4.1000
5214,4.1000
5215,4.1000
5216,4.1000
5217,4.1000
5218,4.1000
5219,4.1000
5220,4.1000
5221,4.1000
5222,4.1000
5223,4.1000
5224,4.1000
5225,4.1000
5226,4.1000
5227,4.1000
5228,4.1000
5229,4.1000
5230,4.1000
5231,4.1000
5232,4.1000
5233,4.1000
5234,4.1000
5235,4.1000
5236,4.1000
5237,4.1000
5238,4.1000
5239,4.1000
5240,4.1000
5241,4.1000
5242,4.1000
5243,4.1000
5244,4.1000
5245,4.1000
5246,4.1000
5247,4.1000
5248,4.1000
5249,4.1000
5250,4.1000
5251,4.1000
5252,4.1000
5253,4.1000
5254,4.1000
5255,4.1000
5256,4.1000
5257,4.1000
5258,4.1000
5259,4.1000
5260,4.1000
5261,4.1000
5262,4.1000
5263,4.1000
5264,4.1000
5265,4.1000
5266,4.1000
5267,4.1000
5268,4.1000
5269,4.1000
5270,4.1000
5271,4.1000
5272,4.1000
5273,4.1000
5274,4.1000
5275,4.1000
5276,4.1000
5277,4.1000
5278,4.1000
5279,4.1000
5280,4.1000
5281,4.1000
5282,4.1000
5283,4.1000
5284,4.1000
5285,4.1000
5286,4.1000
5287,4.1000
5288,4.1000
5289,4.1000
5290,4.1000
5291,4.1000
5292,4.1000
5293,4.1000
5294,4.1000
5295,4.1000
5296,4.1000
5297,4.1000
5298,4.1000
5299,4.1000
5300,4.1000
5301,4.1000
5302,4.1000
5303,4.1000
5304,4.1000
5305,4.1000
5306,4.1000
5307,4.1000
5308,4.1000
5309,4.1000
5310,4.1000
5311,4.1000
5312,4.1000
5313,4.1000
5314,4.1000
5315,4.1000
5316,7.4000
5317,7.4000
5318,7.4000
5319,7.4000
5320,7.4000
5321,7.4000
5322,7.4000
5323,7.4000
5324,7.4000
5325,7.4000
5326,7.4000
5327,7.4000
5328,7.4000
5329,7.4000
5330,7.4000
5331,7.4000
5332,7.4000
5333,7.4000
5334,7.4000
5335,7.4000
5336,7.4000
5337,7.4000
5338,7.4000
5339,7.4000
5340,7.4000
5341,7.4000
5342,7.4000
5343,7.4000
5344,7.4000
5345,7.4000
5346,7.4000
5347,7.4000
5348,7.4000
5349,7.4000
5350,7.4000
5351,7.4000
5352,7.4000
5353,7.4000
5354,7.4000
5355,7.4000
5356,7.4000
5357,7.4000
5358,7.4000
5359,7.4000
5360,7.4000
5361,7.4000
5362,7.4000
5363,7.4000
5364,7.4000
5365,7.4000
5366,7.4000
5367,7.4000
5368,7.4000
5369,7.4000
5370,7.4000
5371,7.4000
5372,7.4000
5373,7.4000
5374,7.4000
5375,7.4000
5376,7.4000
5377,7.4000
5378,7.4000
5379,7.4000
5380,7.4000
5381,7.4000
5382,7.4000
5383,7.4000
5384,7.4000
5385,7.4000
5386,7.4000
5387,7.4000
5388,7.4000
5389,7.4000
5390,7.4000
5391,7.4000
5392,7.4000
5393,7.4000
5394,7.4000
5395,7.4000
5396,7.4000
5397,7.4000
5398,7.4000
5399,7.4000
5400,7.4000
5401,7.4000
5402,7.4000
5403,7.4000
5404,7.4000
5405,7.4000
5406,7.4000
5407,7.4000
5408,7.4000
5409,7.4000
5410,7.4000
5411,7.4000
5412,7.4000
5413,7.4000
5414,7.4000
5415,7.4000
5416,7.4000
5417,7.4000
5418,7.4000
5419,7.4000
5420,7.4000
5421,7.4000
5422,7.4000
5423,7.4000
5424,7.4000
5425,7.4000
5426,7.4000
5427,7.4000
5428,7.4000
5429,7.4000
5430,7.4000
5431,7.4000
5432,7.4000
5433,7.4000
5434,7.4000
5435,7.4000
5436,7.4000
5437,7.4000
5438,7.4000
5439,7.4000
5440,7.4000
5441,7.4000
5442,7.4000
5443,7.4000
5444,7.4000
5445,7.4000
5446,7.4000
5447,7.4000
5448,7.4000
5449,2.2800
5450,2.2800
5451,2.2800
5452,33.0000
5453,33.0000
5454,33.0000
5455,33.0000
5456,33.0000
5457,33.0000
5458,33.0000
5459,33.0000
5460,33.0000
5461,33.0000
5462,33.0000
5463,33.0000
5464,33.0000
5465,33.0000
5466,33.0000
5467,33.0000
5468,33.0000
5469,33.0000
5470,33.0000
5471,33.0000
5472,33.0000
5473,33.0000
5474,33.0000
5475,33.0000
5476,33.0000
5477,33.0000
5478,33.0000
5479,33.0000
5480,33.0000
5481,33.0000
5482,33.0000
5483,33.0000
5484,33.0000
5485,33.0000
5486,33.0000
5487,33.0000
5488,33.0000
5489,33.0000
5490,33.0000
5491,33.0000
5492,33.0000
5493,33.0000
5494,33.0000
5495,33.0000
5496,33.0000
5497,33.0000
5498,33.0000
5499,33.0000
5500,33.0000
5501,33.0000
5502,33.0000
5503,33.0000
5504,33.0000
5505,33.0000
5506,33.0000
5507,33.0000
5508,33.0000
5509,33.0000
5510,33.0000
5511,33.0000
5512,33.0000
5513,33.0000
5514,33.0000
5515,33.0000
5516,33.0000
5517,33.0000
5518,33.0000
5519,33.0000
5520,33.0000
5521,33.0000
5522,33.0000
5523,33.0000
5524,33.0000
5525,33.0000
5526,33.0000
5527,33.0000
5528,33.0000
5529,33.0000
5530,33.0000
5531,33.0000
5532,33.0000
5533,33.0000
5534,33.0000
5535,33.0000
5536,33.0000
5537,33.0000
5538,33.0000
5539,33.0000
5540,33.0000
5541,33.0000
5542,33.0000
5543,33.0000
5544,33.0000
5545,33.0000
5546,33.0000
5547,33.0000
5548,33.0000
5549,33.0000
5550,33.0000
5551,33.0000
5552,33.0000
5553,33.0000
5554,33.0000
5555,33.0000
5556,33.0000
5557,33.0000
5558,33.0000
5559,33.0000
5560,33.0000
5561,33.0000
5562,33.0000
5563,33.0000
5564,33.0000
5565,33.0000
5566,33.0000
5567,33.0000
5568,33.0000
5569,33.0000
5570,33.0000
5571,33.0000
5572,33.0000
5573,33.0000
5574,33.0000
5575,33.0000
5576,33.0000
5577,33.0000
5578,33.0000
5579,33.0000
5580,33.0000
5581,33.0000
5582,33.0000
5583,33.0000
5584,33.0000
5585,33.0000
5586,33.0000
5587,33.0000
5588,33.0000
5589,33.0000
5590,33.0000
5591,33.0000
5592,33.0000
5593,33.0000
5594,33.0000
5595,33.0000
5596,33.0000
5597,33.0000
5598,33.0000
5599,33.0000
5600,33.0000
5601,33.0000
5602,33.0000
5603,33.0000
5604,33.0000
5605,33.0000
5606,33.0000
5607,33.0000
5608,33.0000
5609,33.0000
5610,33.0000
5611,33.0000
5612,33.0000
5613,33.0000
5614,33.0000
5615,33.0000
5616,33.0000
5617,33.0000
5618,33.0000
5619,33.0000
5620,33.0000
5621,33.0000
5622,33.0000
5623,33.0000
5624,33.0000
5625,33.0000
5626,33.0000
5627,33.0000
5628,33.0000
5629,33.0000
5630,33.0000
5631,33.0000
5632,33.0000
5633,33.0000
5634,33.0000
5635,33.0000
5636,33.0000
5637,33.0000
5638,33.0000
5639,33.0000
5640,33.0000
5641,33.0000
5642,33.0000
5643,33.0000
5644,33.0000
5645,33.0000
5646,33.0000
5647,33.0000
5648,33.0000
5649,33.0000
5650,33.0000
5651,33.0000
5652,33.0000
5653,33.0000
5654,33.0000
5655,33.0000
5656,33.0000
5657,33.0000
5658,33.0000
5659,33.0000
5660,33.0000
5661,33.0000
5662,33.0000
5663,33.0000
5664,33.0000
5665,33.0000
5666,33.0000
5667,33.0000
5668,33.0000
5669,33.0000
5670,33.0000
5671,33.0000
5672,33.0000
5673,33.0000
5674,33.0000
5675,33.0000
5676,33.0000
5677,33.0000
5678,33.0000
5679,33.0000
5680,33.0000
5681,33.0000
5682,33.0000
5683,33.0000
5684,33.0000
5685,33.0000
5686,33.0000
5687,33.0000
5688,33.0000
5689,33.0000
5690,33.0000
5691,33.0000
5692,33.0000
5693,33.0000
5694,33.0000
5695,33.0000
5696,33.0000
5697,33.0000
5698,33.0000
5699,33.0000
5700,33.0000
5701,33.0000
5702,33.0000
5703,33.0000
5704,33.0000
5705,33.0000
5706,33.0000
5707,0.4600
5708,0.4600
5709,0.4600
5710,0.4600
5711,0.4600
5712,0.4600
5713,0.4600
5714,0.4600
5715,0.4600
5716,0.4600
5717,0.4600
5718,0.4600
5719,0.4600
5720,0.4600
5721,0.4600
5722,0.4600
5723,0.4600
5724,0.4600
5725,0.4600
5726,0.4600
5727,0.4600
5728,10.7000
5729,10.7000
5730,10.7000
5731,10.7000
5732,10.7000
5733,10.7000
5734,10.7000
5735,3.7600
5736,3.7600
5737,3.7600
5738,3.7600
5739,3.7600
5740,14.0000
5741,14.0000
5742,14.0000
5743,14.0000
5744,14.0000
5745,14.0000
5746,14.0000
5747,14.0000
5748,14.0000
5749,14.0000
5750,14.0000
5751,14.0000
5752,14.0000
5753,14.0000
5754,14.0000
5755,14.0000
5756,14.0000
5757,14.0000
5758,14.0000
5759,14.0000
5760,14.0000
5761,14.0000
5762,14.0000
5763,14.0000
5764,14.0000
5765,14.0000
5766,14.0000
5767,14.0000
5768,14.0000
5769,14.0000
5770,14.0000
5771,14.0000
5772,14.0000
5773,14.0000
5774,14.0000
5775,14.0000
5776,14.0000
5777,14.0000
5778,14.0000
5779,14.0000
5780,14.0000
5781,14.0000
5782,14.0000
5783,14.0000
5784,14.0000
5785,14.0000
5786,14.0000
5787,14.0000
5788,14.0000
5789,14.0000
5790,14.0000
5791,14.0000
5792,14.0000
5793,14.0000
5794,14.0000
5795,14.0000
5796,14.0000
5797,14.0000
5798,14.0000
5799,14.0000
5800,14.0000
5801,14.0000
5802,14.0000
5803,14.0000
5804,14.0000
5805,14.0000
5806,14.0000
5807,14.0000
5808,14.0000
5809,14.0000
5810,14.0000
5811,14.0000
5812,14.0000
5813,14.0000
5814,14.0000
5815,14.0000
5816,14.0000
5817,14.0000
5818,14.0000
5819,14.0000
5820,14.0000
5821,14.0000
5822,14.0000
5823,14.0000
5824,14.0000
5825,14.0000
5826,14.0000
5827,14.0000
5828,14.0000
5829,14.0000
5830,14.0000
5831,14.0000
5832,14.0000
5833,14.0000
5834,14.0000
5835,14.0000
5836,14.0000
5837,14.0000
5838,14.0000
5839,14.0000
5840,14.0000
5841,14.0000
5842,14.0000
5843,14.0000
5844,14.0000
5845,14.0000
5846,14.0000
5847,14.0000
5848,14.0000
5849,14.0000
5850,14.0000
5851,14.0000
5852,14.0000
5853,14.0000
5854,14.0000
5855,14.0000
5856,14.0000
5857,14.0000
5858,14.0000
5859,14.0000
5860,14.0000
5861,14.0000
5862,14.0000
5863,14.0000
5864,14.0000
5865,14.0000
5866,14.0000
5867,14.0000
5868,14.0000
5869,14.0000
5870,14.0000
5871,14.0000
5872,14.0000
5873,14.0000
5874,14.0000
5875,14.0000
5876,14.0000
5877,14.0000
5878,14.0000
5879,14.0000
5880,14.0000
5881,14.0000
5882,14.0000
5883,14.0000
5884,14.0000
5885,14.0000
5886,14.0000
5887,14.0000
5888,14.0000
5889,14.0000
5890,14.0000
5891,14.0000
5892,14.0000
5893,14.0000
5894,14.0000
5895,14.0000
5896,14.0000
5897,14.0000
5898,14.0000
5899,14.0000
5900,14.0000
5901,14.0000
5902,14.0000
5903,14.0000
5904,14.0000
5905,14.0000
5906,14.0000
5907,14.0000
5908,14.0000
5909,14.0000
5910,14.0000
5911,14.0000
5912,14.0000
5913,14.0000
5914,14.0000
5915,14.0000
5916,14.0000
5917,14.0000
5918,14.0000
5919,14.0000
5920,14.0000
5921,14.0000
5922,14.0000
5923,14.0000
5924,14.0000
5925,14.0000
5926,14.0000
5927,14.0000
5928,14.0000
5929,14.0000
5930,14.0000
5931,14.0000
5932,14.0000
5933,14.0000
5934,14.0000
5935,14.0000
5936,14.0000
5937,14.0000
5938,14.0000
5939,14.0000
5940,14.0000
5941,14.0000
5942,14.0000
5943,14.0000
5944,14.0000
5945,14.0000
5946,14.0000
5947,14.0000
5948,14.0000
5949,14.0000
5950,14.0000
5951,14.0000
5952,14.0000
5953,14.0000
5954,14.0000
5955,14.0000
5956,14.0000
5957,14.0000
5958,14.0000
5959,14.0000
5960,14.0000
5961,14.0000
5962,14.0000
5963,14.0000
5964,14.0000
5965,14.0000
5966,14.0000
5967,14.0000
5968,14.0000
5969,14.0000
5970,14.0000
5971,14.0000
5972,14.0000
5973,14.0000
5974,14.0000
5975,14.0000
5976,14.0000
5977,14.0000
5978,14.0000
5979,14.0000
5980,14.0000
5981,14.0000
5982,14.0000
5983,14.0000
5984,14.0000
5985,14.0000
5986,14.0000
5987,14.0000
5988,14.0000
5989,14.0000
5990,14.0000
5991,14.0000
5992,14.0000
5993,14.0000
5994,14.0000
5995,14.0000
5996,14.0000
5997,14.0000
5998,14.0000
5999,14.0000
6000,14.0000
6001,14.0000
6002,14.0000
6003,14.0000
6004,14.0000
6005,14.0000
6006,14.0000
6007,14.0000
6008,14.0000
6009,14.0000
6010,14.0000
6011,14.0000
6012,14.0000
6013,14.0000
6014,14.0000
6015,14.0000
6016,14.0000
6017,14.0000
6018,14.0000
6019,14.0000
6020,14.0000
6021,14.0000
6022,14.0000
6023,14.0000
6024,14.0000
6025,14.0000
6026,14.0000
6027,14.0000
6028,14.0000
6029,14.0000
6030,14.0000
6031,14.0000
6032,14.0000
6033,14.0000
6034,14.0000
6035,14.0000
6036,14.0000
6037,14.0000
6038,14.0000
6039,14.0000
6040,14.0000
6041,14.0000
6042,14.0000
6043,14.0000
6044,14.0000
6045,14.0000
6046,14.0000
6047,14.0000
6048,14.0000
6049,14.0000
6050,14.0000
6051,14.0000
6052,14.0000
6053,14.0000
6054,14.0000
6055,14.0000
6056,14.0000
6057,14.0000
6058,14.0000
6059,14.0000
6060,14.0000
6061,14.0000
6062,14.0000
6063,14.0000
6064,14.0000
6065,14.0000
6066,14.0000
6067,14.0000
6068,14.0000
6069,14.0000
6070,14.0000
6071,14.0000
6072,14.0000
6073,14.0000
6074,14.0000
6075,14.0000
6076,14.0000
6077,14.0000
6078,14.0000
6079,14.0000
6080,14.0000
6081,14.0000
6082,14.0000
6083,14.0000
6084,14.0000
6085,14.0000
6086,14.0000
6087,14.0000
6088,14.0000
6089,14.0000
6090,14.0000
6091,14.0000
6092,14.0000
6093,14.0000
6094,14.0000
6095,14.0000
6096,14.0000
6097,14.0000
6098,14.0000
6099,14.0000
6100,14.0000
6101,14.0000
6102,14.0000
6103,14.0000
6104,14.0000
6105,14.0000
6106,14.0000
6107,14.0000
6108,14.0000
6109,14.0000
6110,14.0000
6111,14.0000
6112,14.0000
6113,14.0000
6114,14.0000
6115,14.0000
6116,14.0000
6117,14.0000
6118,14.0000
6119,14.0000
6120,14.0000
6121,14.0000
6122,14.0000
6123,14.0000
6124,14.0000
6125,14.0000
6126,14.0000
6127,14.0000
6128,14.0000
6129,14.0000
6130,14.0000
6131,14.0000
6132,14.0000
6133,14.0000
6134,14.0000
6135,14.0000
6136,14.0000
6137,14.0000
6138,14.0000
6139,14.0000
6140,14.0000
6141,14.0000
6142,14.0000
6143,14.0000
6144,14.0000
6145,14.0000
6146,14.0000
6147,14.0000
6148,14.0000
6149,14.0000
6150,14.0000
6151,14.0000
6152,14.0000
6153,14.0000
6154,14.0000
6155,14.0000
6156,14.0000
6157,14.0000
6158,14.0000
6159,14.0000
6160,14.0000
6161,14.0000
6162,14.0000
6163,14.0000
6164,14.0000
6165,14.0000
6166,14.0000
6167,14.0000
6168,14.0000
6169,14.0000
6170,14.0000
6171,14.0000
6172,14.0000
6173,14.0000
6174,14.0000
6175,14.0000
6176,14.0000
6177,14.0000
6178,14.0000
6179,14.0000
6180,14.0000
6181,14.0000
6182,14.0000
6183,14.0000
6184,14.0000
6185,14.0000
6186,14.0000
6187,14.0000
6188,14.0000
6189,14.0000
6190,14.0000
6191,14.0000
6192,14.0000
6193,14.0000
6194,14.0000
6195,14.0000
6196,14.0000
6197,14.0000
6198,14.0000
6199,14.0000
6200,14.0000
6201,14.0000
6202,14.0000
6203,14.0000
6204,14.0000
6205,14.0000
6206,14.0000
6207,14.0000
6208,14.0000
6209,14.0000
6210,14.0000
6211,14.0000
6212,14.0000
6213,14.0000
6214,14.0000
6215,14.0000
6216,14.0000
6217,14.0000
6218,14.0000
6219,14.0000
6220,14.0000
6221,14.0000
6222,14.0000
6223,14.0000
6224,14.0000
6225,14.0000
6226,14.0000
6227,14.0000
6228,14.0000
6229,14.0000
6230,14.0000
6231,14.0000
6232,14.0000
6233,14.0000
6234,14.0000
6235,14.0000
6236,14.0000
6237,14.0000
6238,14.0000
6239,14.0000
6240,14.0000
6241,14.0000
6242,14.0000
6243,14.0000
6244,14.0000
6245,14.0000
6246,14.0000
6247,14.0000
6248,14.0000
6249,14.0000
6250,14.0000
6251,14.0000
6252,14.0000
6253,14.0000
6254,14.0000
6255,14.0000
6256,14.0000
6257,14.0000
6258,14.0000
6259,14.0000
6260,14.0000
6261,14.0000
6262,14.0000
6263,14.0000
6264,14.0000
6265,14.0000
6266,14.0000
6267,14.0000
6268,14.0000
6269,14.0000
6270,14.0000
6271,14.0000
6272,14.0000
6273,14.0000
6274,14.0000
6275,14.0000
6276,14.0000
6277,14.0000
6278,14.0000
6279,14.0000
6280,14.0000
6281,14.0000
6282,14.0000
6283,14.0000
6284,14.0000
6285,14.0000
6286,14.0000
6287,14.0000
6288,14.0000
6289,14.0000
6290,14.0000
6291,14.0000
6292,14.0000
6293,14.0000
6294,14.0000
6295,14.0000
6296,14.0000
6297,14.0000
6298,14.0000
6299,14.0000
6300,14.0000
6301,14.0000
6302,14.0000
6303,14.0000
6304,14.0000
6305,14.0000
6306,14.0000
6307,14.0000
6308,14.0000
6309,14.0000
6310,14.0000
6311,14.0000
6312,14.0000
6313,14.0000
6314,14.0000
6315,14.0000
6316,14.0000
6317,14.0000
6318,14.0000
6319,14.0000
6320,14.0000
6321,14.0000
6322,14.0000
6323,14.0000
6324,14.0000
6325,14.0000
6326,14.0000
6327,14.0000
6328,14.0000
6329,14.0000
6330,14.0000
6331,14.0000
6332,14.0000
6333,14.0000
6334,14.0000
6335,14.0000
6336,14.0000
6337,14.0000
6338,14.0000
6339,14.0000
6340,14.0000
6341,14.0000
6342,14.0000
6343,14.0000
6344,14.0000
6345,14.0000
6346,14.0000
6347,14.0000
6348,14.0000
6349,14.0000
6350,14.0000
6351,14.0000
6352,14.0000
6353,14.0000
6354,14.0000
6355,14.0000
6356,14.0000
6357,14.0000
6358,14.0000
6359,14.0000
6360,14.0000
6361,14.0000
6362,14.0000
6363,14.0000
6364,14.0000
6365,14.0000
6366,14.0000
6367,14.0000
6368,14.0000
6369,14.0000
6370,14.0000
6371,14.0000
6372,14.0000
6373,14.0000
6374,14.0000
6375,14.0000
6376,14.0000
6377,14.0000
6378,14.0000
6379,14.0000
6380,14.0000
6381,14.0000
6382,14.0000
6383,14.0000
6384,14.0000
6385,14.0000
6386,14.0000
6387,14.0000
6388,14.0000
6389,14.0000
6390,14.0000
6391,14.0000
6392,14.0000
6393,14.0000
6394,14.0000
6395,14.0000
6396,14.0000
6397,14.0000
6398,14.0000
6399,14.0000
6400,14.0000
6401,14.0000
6402,14.0000
6403,14.0000
6404,14.0000
6405,14.0000
6406,14.0000
6407,14.0000
6408,14.0000
6409,14.0000
6410,14.0000
6411,14.0000
6412,14.0000
6413,14.0000
6414,14.0000
6415,14.0000
6416,14.0000
6417,14.0000
6418,14.0000
6419,14.0000
6420,14.0000
6421,14.0000
6422,14.0000
6423,14.0000
6424,14.0000
6425,14.0000
6426,14.0000
6427,14.0000
6428,14.0000
6429,14.0000
6430,14.0000
6431,14.0000
6432,14.0000
6433,14.0000
6434,14.0000
6435,14.0000
6436,14.0000
6437,14.0000
6438,14.0000
6439,14.0000
6440,14.0000
6441,14.0000
6442,14.0000
6443,14.0000
6444,14.0000
6445,14.0000
6446,14.0000
6447,14.0000
6448,14.0000
6449,14.0000
6450,14.0000
6451,14.0000
6452,14.0000
6453,14.0000
6454,14.0000
6455,14.0000
6456,14.0000
6457,14.0000
6458,14.0000
6459,14.0000
6460,14.0000
6461,14.0000
6462,14.0000
6463,14.0000
6464,14.0000
6465,14.0000
6466,14.0000
6467,14.0000
6468,14.0000
6469,14.0000
6470,14.0000
6471,14.0000
6472,14.0000
6473,14.0000
6474,14.0000
6475,14.0000
6476,14.0000
6477,14.0000
6478,14.0000
6479,14.0000
6480,14.0000
6481,14.0000
6482,14.0000
6483,14.0000
6484,14.0000
6485,14.0000
6486,14.0000
6487,14.0000
6488,14.0000
6489,14.0000
6490,14.0000
6491,14.0000
6492,14.0000
6493,14.0000
6494,14.0000
6495,14.0000
6496,14.0000
6497,14.0000
6498,14.0000
6499,14.0000
6500,14.0000
6501,14.0000
6502,14.0000
6503,14.0000
6504,14.0000
6505,14.0000
6506,14.0000
6507,14.0000
6508,14.0000
6509,14.0000
6510,14.0000
6511,14.0000
6512,14.0000
6513,14.0000
6514,14.0000
6515,14.0000
6516,14.0000
6517,14.0000
6518,14.0000
6519,14.0000
6520,14.0000
6521,14.0000
6522,14.0000
6523,14.0000
6524,14.0000
6525,14.0000
6526,14.0000
6527,14.0000
6528,14.0000
6529,14.0000
6530,14.0000
6531,14.0000
6532,14.0000
6533,14.0000
6534,14.0000
6535,14.0000
6536,14.0000
6537,14.0000
6538,14.0000
6539,14.0000
6540,14.0000
6541,14.0000
6542,14.0000
6543,14.0000
6544,14.0000
6545,14.0000
6546,14.0000
6547,14.0000
6548,14.0000
6549,14.0000
6550,14.0000
6551,14.0000
6552,14.0000
6553,14.0000
6554,14.0000
6555,14.0000
6556,14.0000
6557,14.0000
6558,14.0000
6559,14.0000
6560,14.0000
6561,14.0000
6562,14.0000
6563,14.0000
6564,14.0000
6565,14.0000
6566,14.0000
6567,14.0000
6568,14.0000
6569,14.0000
6570,14.0000
6571,14.0000
6572,14.0000
6573,14.0000
6574,14.0000
6575,14.0000
6576,14.0000
6577,14.0000
6578,14.0000
6579,14.0000
6580,14.0000
6581,14.0000
6582,14.0000
6583,14.0000
6584,14.0000
6585,14.0000
6586,14.0000
6587,14.0000
6588,14.0000
6589,14.0000
6590,14.0000
6591,14.0000
6592,14.0000
6593,14.0000
6594,14.0000
6595,14.0000
6596,14.0000
6597,14.0000
6598,14.0000
6599,14.0000
6600,14.0000
6601,14.0000
6602,14.0000
6603,14.0000
6604,14.0000
6605,14.0000
6606,14.0000
6607,14.0000
6608,14.0000
6609,14.0000
6610,14.0000
6611,14.0000
6612,14.0000
6613,14.0000
6614,14.0000
6615,14.0000
6616,14.0000
6617,14.0000
6618,14.0000
6619,14.0000
6620,14.0000
6621,14.0000
6622,14.0000
6623,14.0000
6624,14.0000
6625,14.0000
6626,14.0000
6627,14.0000
6628,14.0000
6629,14.0000
6630,14.0000
6631,14.0000
6632,14.0000
6633,14.0000
6634,14.0000
6635,14.0000
6636,14.0000
6637,14.0000
6638,14.0000
6639,14.0000
6640,14.0000
6641,14.0000
6642,14.0000
6643,14.0000
6644,14.0000
6645,14.0000
6646,14.0000
6647,14.0000
6648,14.0000
6649,14.0000
6650,14.0000
6651,14.0000
6652,14.0000
6653,14.0000
6654,14.0000
6655,14.0000
6656,14.0000
6657,14.0000
6658,14.0000
6659,14.0000
6660,14.0000
6661,14.0000
6662,14.0000
6663,14.0000
6664,14.0000
6665,14.0000
6666,14.0000
6667,14.0000
6668,14.0000
6669,14.0000
6670,14.0000
6671,14.0000
6672,14.0000
6673,14.0000
6674,14.0000
6675,14.0000
6676,14.0000
6677,14.0000
6678,14.0000
6679,14.0000
6680,14.0000
6681,14.0000
6682,14.0000
6683,14.0000
6684,14.0000
6685,14.0000
6686,14.0000
6687,14.0000
6688,14.0000
6689,14.0000
6690,14.0000
6691,14.0000
6692,14.0000
6693,14.0000
6694,14.0000
6695,14.0000
6696,14.0000
6697,14.0000
6698,14.0000
6699,14.0000
6700,14.0000
6701,14.0000
6702,14.0000
6703,14.0000
6704,14.0000
6705,14.0000
6706,14.0000
6707,14.0000
6708,14.0000
6709,14.0000
6710,14.0000
6711,14.0000
6712,14.0000
6713,14.0000
6714,14.0000
6715,14.0000
6716,14.0000
6717,14.0000
6718,14.0000
6719,14.0000
6720,14.0000
6721,14.0000
6722,14.0000
6723,14.0000
6724,14.0000
6725,14.0000
6726,14.0000
6727,14.0000
6728,14.0000
6729,14.0000
6730,14.0000
6731,14.0000
6732,14.0000
6733,14.0000
6734,14.0000
6735,14.0000
6736,14.0000
6737,14.0000
6738,14.0000
6739,14.0000
6740,14.0000
6741,14.0000
6742,14.0000
6743,14.0000
6744,14.0000
6745,14.0000
6746,14.0000
6747,14.0000
6748,14.0000
6749,14.0000
6750,14.0000
6751,14.0000
6752,14.0000
6753,14.0000
6754,14.0000
6755,14.0000
6756,14.0000
6757,14.0000
6758,14.0000
6759,14.0000
6760,14.0000
6761,14.0000
6762,14.0000
6763,14.0000
6764,14.0000
6765,14.0000
6766,14.0000
6767,14.0000
6768,14.0000
6769,14.0000
6770,14.0000
6771,14.0000
6772,14.0000
6773,14.0000
6774,14.0000
6775,14.0000
6776,14.0000
6777,14.0000
6778,14.0000
6779,14.0000
6780,14.0000
6781,14.0000
6782,14.0000
6783,14.0000
6784,14.0000
6785,14.0000
6786,14.0000
6787,14.0000
6788,14.0000
6789,14.0000
6790,14.0000
6791,14.0000
6792,14.0000
6793,14.0000
6794,14.0000
6795,14.0000
6796,14.0000
6797,14.0000
6798,14.0000
6799,14.0000
6800,14.0000
6801,14.0000
6802,14.0000
6803,14.0000
6804,14.0000
6805,14.0000
6806,14.0000
6807,14.0000
6808,14.0000
6809,14.0000
6810,14.0000
6811,14.0000
6812,14.0000
6813,14.0000
6814,14.0000
6815,14.0000
6816,14.0000
6817,14.0000
6818,14.0000
6819,14.0000
6820,14.0000
6821,14.0000
6822,14.0000
6823,14.0000
6824,14.0000
6825,14.0000
6826,14.0000
6827,14.0000
6828,14.0000
6829,14.0000
6830,14.0000
6831,14.0000
6832,14.0000
6833,14.0000
6834,14.0000
6835,14.0000
6836,14.0000
6837,14.0000
6838,14.0000
6839,14.0000
6840,14.0000
6841,14.0000
6842,14.0000
6843,14.0000
6844,14.0000
6845,14.0000
6846,14.0000
6847,14.0000
6848,14.0000
6849,14.0000
6850,14.0000
6851,14.0000
6852,14.0000
6853,14.0000
6854,14.0000
6855,14.0000
6856,14.0000
6857,14.0000
6858,14.0000
6859,14.0000
6860,14.0000
6861,14.0000
6862,14.0000
6863,14.0000
6864,14.0000
6865,14.0000
6866,14.0000
6867,14.0000
6868,14.0000
6869,14.0000
6870,14.0000
6871,14.0000
6872,14.0000
6873,14.0000
6874,14.0000
6875,14.0000
6876,14.0000
6877,14.0000
6878,14.0000
6879,14.0000
6880,14.0000
6881,14.0000
6882,14.0000
6883,14.0000
6884,14.0000
6885,14.0000
6886,14.0000
6887,14.0000
6888,14.0000
6889,14.0000
6890,14.0000
6891,14.0000
6892,14.0000
6893,14.0000
6894,14.0000
6895,14.0000
6896,14.0000
6897,14.0000
6898,14.0000
6899,14.0000
6900,14.0000
6901,14.0000
6902,14.0000
6903,14.0000
6904,14.0000
6905,14.0000
6906,14.0000
6907,14.0000
6908,14.0000
6909,14.0000
6910,14.0000
6911,14.0000
6912,14.0000
6913,14.0000
6914,14.0000
6915,14.0000
6916,14.0000
6917,14.0000
6918,14.0000
6919,14.0000
6920,14.0000
6921,14.0000
6922,14.0000
6923,14.0000
6924,14.0000
6925,14.0000
6926,14.0000
6927,14.0000
6928,14.0000
6929,14.0000
6930,14.0000
6931,14.0000
6932,14.0000
6933,14.0000
6934,14.0000
6935,14.0000
6936,14.0000
6937,14.0000
6938,14.0000
6939,14.0000
6940,14.0000
6941,14.0000
6942,14.0000
6943,14.0000
6944,14.0000
6945,14.0000
6946,14.0000
6947,14.0000
6948,14.0000
6949,14.0000
6950,14.0000
6951,14.0000
6952,14.0000
6953,14.0000
6954,14.0000
6955,14.0000
6956,14.0000
6957,14.0000
6958,14.0000
6959,14.0000
6960,14.0000
6961,14.0000
6962,14.0000
6963,14.0000
6964,14.0000
6965,14.0000
6966,14.0000
6967,14.0000
6968,14.0000
6969,14.0000
6970,14.0000
6971,14.0000
6972,14.0000
6973,14.0000
6974,14.0000
6975,14.0000
6976,14.0000
6977,14.0000
6978,14.0000
6979,14.0000
6980,14.0000
6981,14.0000
6982,14.0000
6983,14.0000
6984,14.0000
6985,14.0000
6986,14.0000
6987,14.0000
6988,14.0000
6989,14.0000
6990,14.0000
6991,14.0000
6992,14.0000
6993,14.0000
6994,14.0000
6995,14.0000
6996,14.0000
6997,14.0000
6998,14.0000
6999,14.0000
7000,14.0000
7001,14.0000
7002,14.0000
7003,14.0000
7004,14.0000
7005,14.0000
7006,14.0000
7007,14.0000
7008,14.0000
7009,14.0000
7010,14.0000
7011,14.0000
7012,14.0000
7013,14.0000
7014,14.0000
7015,14.0000
7016,14.0000
7017,14.0000
7018,14.0000
7019,14.0000
7020,14.0000
7021,14.0000
7022,14.0000
7023,14.0000
7024,14.0000
7025,14.0000
7026,14.0000
7027,14.0000
7028,14.0000
7029,14.0000
7030,14.0000
7031,14.0000
7032,14.0000
7033,14.0000
7034,14.0000
7035,14.0000
7036,14.0000
7037,14.0000
7038,14.0000
7039,14.0000
7040,14.0000
7041,14.0000
7042,14.0000
7043,14.0000
7044,14.0000
7045,14.0000
7046,14.0000
7047,14.0000
7048,14.0000
7049,14.0000
7050,14.0000
7051,14.0000
7052,14.0000
7053,14.0000
7054,14.0000
7055,14.0000
7056,14.0000
7057,14.0000
7058,14.0000
7059,14.0000
7060,14.0000
7061,14.0000
7062,14.0000
7063,14.0000
7064,14.0000
7065,14.0000
7066,14.0000
7067,14.0000
7068,14.0000
7069,14.0000
7070,14.0000
7071,14.0000
7072,14.0000
7073,14.0000
7074,14.0000
7075,14.0000
7076,14.0000
7077,14.0000
7078,14.0000
7079,14.0000
7080,14.0000
7081,14.0000
7082,14.0000
7083,14.0000
7084,14.0000
7085,14.0000
7086,14.0000
7087,14.0000
7088,14.0000
7089,14.0000
7090,14.0000
7091,14.0000
7092,14.0000
7093,14.0000
7094,14.0000
7095,14.0000
7096,14.0000
7097,14.0000
7098,14.0000
7099,14.0000
7100,14.0000
7101,14.0000
7102,14.0000
7103,14.0000
7104,14.0000
7105,14.0000
7106,14.0000
7107,14.0000
7108,14.0000
7109,14.0000
7110,14.0000
7111,14.0000
7112,14.0000
7113,14.0000
7114,14.0000
7115,14.0000
7116,14.0000
7117,14.0000
7118,14.0000
7119,14.0000
7120,14.0000
7121,14.0000
7122,14.0000
7123,14.0000
7124,14.0000
7125,14.0000
7126,14.0000
7127,14.0000
7128,14.0000
7129,14.0000
7130,14.0000
7131,14.0000
7132,14.0000
7133,14.0000
7134,14.0000
7135,14.0000
7136,14.0000
7137,14.0000
7138,14.0000
7139,14.0000
7140,14.0000
7141,14.0000
7142,14.0000
7143,14.0000
7144,14.0000
7145,14.0000
7146,14.0000
7147,14.0000
7148,14.0000
7149,14.0000
7150,14.0000
7151,14.0000
7152,14.0000
7153,14.0000
7154,14.0000
7155,14.0000
7156,14.0000
7157,14.0000
7158,14.0000
7159,14.0000
7160,14.0000
7161,14.0000
7162,14.0000
7163,14.0000
7164,14.0000
7165,14.0000
7166,14.0000
7167,14.0000
7168,14.0000
7169,14.0000
7170,14.0000
7171,14.0000
7172,14.0000
7173,14.0000
7174,14.0000
7175,14.0000
7176,14.0000
7177,14.0000
7178,14.0000
7179,14.0000
7180,14.0000
7181,14.0000
7182,14.0000
7183,14.0000
7184,14.0000
7185,14.0000
7186,14.0000
7187,14.0000
7188,14.0000
7189,14.0000
7190,14.0000
7191,14.0000
7192,14.0000
7193,14.0000
7194,14.0000
7195,14.0000
7196,14.0000
7197,14.0000
7198,14.0000
7199,14.0000
7200,14.0000
7201,14.0000
7202,14.0000
7203,14.0000
7204,14.0000
7205,14.0000
7206,14.0000
7207,14.0000
7208,14.0000
7209,14.0000
7210,14.0000
7211,14.0000
7212,14.0000
7213,14.0000
7214,14.0000
7215,14.0000
7216,14.0000
7217,14.0000
7218,14.0000
7219,14.0000
7220,14.0000
7221,14.0000
7222,14.0000
7223,14.0000
7224,14.0000
7225,14.0000
7226,14.0000
7227,14.0000
7228,14.0000
7229,14.0000
7230,14.0000
7231,14.0000
7232,14.0000
7233,14.0000
7234,14.0000
7235,14.0000
7236,14.0000
7237,14.0000
7238,14.0000
7239,14.0000
7240,14.0000
7241,14.0000
7242,14.0000
7243,14.0000
7244,14.0000
7245,14.0000
7246,14.0000
7247,14.0000
7248,14.0000
7249,14.0000
7250,14.0000
7251,14.0000
7252,14.0000
7253,14.0000
7254,14.0000
7255,14.0000
7256,14.0000
7257,14.0000
7258,14.0000
7259,14.0000
7260,14.0000
7261,14.0000
7262,14.0000
7263,14.0000
7264,14.0000
7265,14.0000
7266,14.0000
7267,14.0000
7268,14.0000
7269,14.0000
7270,14.0000
7271,14.0000
7272,14.0000
7273,14.0000
7274,14.0000
7275,14.0000
7276,14.0000
7277,14.0000
7278,14.0000
7279,14.0000
7280,14.0000
7281,14.0000
7282,14.0000
7283,14.0000
7284,14.0000
7285,14.0000
7286,14.0000
7287,14.0000
7288,14.0000
7289,14.0000
7290,14.0000
7291,14.0000
7292,14.0000
7293,14.0000
7294,14.0000
7295,14.0000
7296,14.0000
7297,14.0000
7298,14.0000
7299,14.0000
7300,14.0000
7301,14.0000
7302,14.0000
7303,14.0000
7304,14.0000
7305,14.0000
7306,14.0000
7307,14.0000
7308,14.0000
7309,14.0000
7310,14.0000
7311,14.0000
7312,14.0000
7313,14.0000
7314,14.0000
7315,14.0000
7316,14.0000
7317,14.0000
7318,14.0000
7319,14.0000
7320,14.0000
7321,14.0000
7322,14.0000
7323,14.0000
7324,14.0000
7325,14.0000
7326,14.0000
7327,14.0000
7328,14.0000
7329,14.0000
7330,14.0000
7331,14.0000
7332,14.0000
7333,14.0000
7334,14.0000
7335,14.0000
7336,14.0000
7337,14.0000
7338,14.0000
7339,14.0000
7340,14.0000
7341,14.0000
7342,14.0000
7343,14.0000
7344,14.0000
7345,14.0000
7346,14.0000
7347,14.0000
7348,14.0000
7349,14.0000
7350,14.0000
7351,14.0000
7352,14.0000
7353,14.0000
7354,14.0000
7355,14.0000
7356,14.0000
7357,14.0000
7358,14.0000
7359,14.0000
7360,14.0000
7361,14.0000
7362,14.0000
7363,14.0000
7364,14.0000
7365,14.0000
7366,14.0000
7367,14.0000
7368,14.0000
7369,14.0000
7370,14.0000
7371,14.0000
7372,14.0000
7373,14.0000
7374,14.0000
7375,14.0000
7376,14.0000
7377,14.0000
7378,14.0000
7379,14.0000
7380,14.0000
7381,14.0000
7382,14.0000
7383,14.0000
7384,14.0000
7385,14.0000
7386,14.0000
7387,14.0000
7388,14.0000
7389,14.0000
7390,14.0000
7391,14.0000
7392,14.0000
7393,14.0000
7394,14.0000
7395,14.0000
7396,14.0000
7397,14.0000
7398,14.0000
7399,14.0000
7400,14.0000
7401,14.0000
7402,14.0000
7403,14.0000
7404,14.0000
7405,14.0000
7406,14.0000
7407,14.0000
7408,14.0000
7409,14.0000
7410,14.0000
7411,14.0000
7412,14.0000
7413,14.0000
7414,14.0000
7415,14.0000
7416,14.0000
7417,14.0000
7418,14.0000
7419,14.0000
7420,14.0000
7421,14.0000
7422,14.0000
7423,14.0000
7424,14.0000
7425,14.0000
7426,14.0000
7427,14.0000
7428,14.0000
7429,14.0000
7430,14.0000
7431,14.0000
7432,14.0000
7433,14.0000
7434,14.0000
7435,14.0000
7436,14.0000
7437,14.0000
7438,14.0000
7439,14.0000
7440,14.0000
7441,14.0000
7442,14.0000
7443,14.0000
7444,14.0000
7445,14.0000
7446,14.0000
7447,14.0000
7448,14.0000
7449,14.0000
7450,14.0000
7451,14.0000
7452,14.0000
7453,14.0000
7454,14.0000
7455,14.0000
7456,14.0000
7457,14.0000
7458,14.0000
7459,14.0000
7460,14.0000
7461,14.0000
7462,14.0000
7463,14.0000
7464,14.0000
7465,14.0000
7466,14.0000
7467,14.0000
7468,14.0000
7469,14.0000
7470,14.0000
7471,14.0000
7472,14.0000
7473,14.0000
7474,14.0000
7475,14.0000
7476,14.0000
7477,14.0000
7478,14.0000
7479,14.0000
7480,14.0000
7481,14.0000
7482,14.0000
7483,14.0000
7484,14.0000
7485,14.0000
7486,14.0000
7487,14.0000
7488,14.0000
7489,14.0000
7490,14.0000
7491,14.0000
7492,14.0000
7493,14.0000
7494,14.0000
7495,14.0000
7496,14.0000
7497,14.0000
7498,14.0000
7499,14.0000
7500,14.0000
7501,14.0000
7502,14.0000
7503,14.0000
7504,14.0000
7505,14.0000
7506,14.0000
7507,14.0000
7508,14.0000
7509,14.0000
7510,14.0000
7511,14.0000
7512,14.0000
7513,14.0000
7514,14.0000
7515,14.0000
7516,14.0000
7517,14.0000
7518,14.0000
7519,14.0000
7520,14.0000
7521,14.0000
7522,14.0000
7523,14.0000
7524,14.0000
7525,14.0000
7526,14.0000
7527,14.0000
7528,14.0000
7529,14.0000
7530,14.0000
7531,14.0000
7532,14.0000
7533,14.0000
7534,14.0000
7535,14.0000
7536,14.0000
7537,14.0000
7538,14.0000
7539,14.0000
7540,14.0000
7541,14.0000
7542,14.0000
7543,14.0000
7544,14.0000
7545,14.0000
7546,14.0000
7547,14.0000
7548,14.0000
7549,14.0000
7550,14.0000
7551,14.0000
7552,14.0000
7553,14.0000
7554,14.0000
7555,14.0000
7556,14.0000
7557,14.0000
7558,14.0000
7559,14.0000
7560,14.0000
7561,14.0000
7562,14.0000
7563,14.0000
7564,14.0000
7565,14.0000
7566,14.0000
7567,14.0000
7568,14.0000
7569,14.0000
7570,14.0000
7571,14.0000
7572,14.0000
7573,14.0000
7574,14.0000
7575,14.0000
7576,14.0000
7577,14.0000
7578,14.0000
7579,14.0000
7580,14.0000
7581,14.0000
7582,14.0000
7583,14.0000
7584,14.0000
7585,14.0000
7586,14.0000
7587,14.0000
7588,14.0000
7589,14.0000
7590,14.0000
7591,14.0000
7592,14.0000
7593,14.0000
7594,14.0000
7595,14.0000
7596,14.0000
7597,14.0000
7598,14.0000
7599,14.0000
7600,14.0000
7601,14.0000
7602,14.0000
7603,14.0000
7604,14.0000
7605,14.0000
7606,14.0000
7607,14.0000
7608,14.0000
7609,14.0000
7610,14.0000
7611,14.0000
7612,14.0000
7613,14.0000
7614,14.0000
7615,14.0000
7616,14.0000
7617,14.0000
7618,14.0000
7619,14.0000
7620,14.0000
7621,14.0000
7622,14.0000
7623,14.0000
7624,14.0000
7625,14.0000
7626,14.0000
7627,14.0000
7628,14.0000
7629,14.0000
7630,14.0000
7631,14.0000
7632,14.0000
7633,14.0000
7634,14.0000
7635,14.0000
7636,14.0000
7637,14.0000
7638,14.0000
7639,14.0000
7640,14.0000
7641,14.0000
7642,14.0000
7643,14.0000
7644,14.0000
7645,14.0000
7646,14.0000
7647,14.0000
7648,14.0000
7649,14.0000
7650,14.0000
7651,14.0000
7652,14.0000
7653,14.0000
7654,14.0000
7655,14.0000
7656,14.0000
7657,14.0000
7658,14.0000
7659,14.0000
7660,14.0000
7661,14.0000
7662,14.0000
7663,14.0000
7664,14.0000
7665,14.0000
7666,14.0000
7667,14.0000
7668,14.0000
7669,14.0000
7670,14.0000
7671,14.0000
7672,14.0000
7673,14.0000
7674,14.0000
7675,14.0000
7676,14.0000
7677,14.0000
7678,14.0000
7679,14.0000
7680,14.0000
7681,14.0000
7682,14.0000
7683,14.0000
7684,14.0000
7685,14.0000
7686,14.0000
7687,14.0000
7688,14.0000
7689,14.0000
7690,14.0000
7691,14.0000
7692,14.0000
7693,14.0000
7694,14.0000
7695,14.0000
7696,14.0000
7697,14.0000
7698,14.0000
7699,14.0000
7700,14.0000
7701,14.0000
7702,14.0000
7703,14.0000
7704,14.0000
7705,14.0000
7706,14.0000
7707,14.0000
7708,14.0000
7709,14.0000
7710,14.0000
7711,14.0000
7712,14.0000
7713,14.0000
7714,14.0000
7715,14.0000
7716,14.0000
7717,14.0000
7718,14.0000
7719,14.0000
7720,14.0000
7721,14.0000
7722,14.0000
7723,14.0000
7724,14.0000
7725,14.0000
7726,14.0000
7727,14.0000
7728,14.0000
7729,14.0000
7730,14.0000
7731,14.0000
7732,14.0000
7733,14.0000
7734,14.0000
7735,14.0000
7736,14.0000
7737,14.0000
7738,14.0000
7739,14.0000
7740,14.0000
7741,14.0000
7742,14.0000
7743,14.0000
7744,14.0000
7745,14.0000
7746,14.0000
7747,14.0000
7748,14.0000
7749,14.0000
7750,14.0000
7751,14.0000
7752,14.0000
7753,14.0000
7754,14.0000
7755,14.0000
7756,14.0000
7757,14.0000
7758,14.0000
7759,14.0000
7760,14.0000
7761,14.0000
7762,14.0000
7763,14.0000
7764,14.0000
7765,14.0000
7766,14.0000
7767,14.0000
7768,14.0000
7769,14.0000
7770,14.0000
7771,14.0000
7772,14.0000
7773,14.0000
7774,14.0000
7775,14.0000
7776,14.0000
7777,14.0000
7778,14.0000
7779,14.0000
7780,14.0000
7781,14.0000
7782,14.0000
7783,14.0000
7784,14.0000
7785,14.0000
7786,14.0000
7787,14.0000
7788,14.0000
7789,14.0000
7790,14.0000
7791,14.0000
7792,14.0000
7793,14.0000
7794,14.0000
7795,14.0000
7796,14.0000
7797,14.0000
7798,14.0000
7799,14.0000
7800,14.0000
7801,14.0000
7802,14.0000
7803,14.0000
7804,14.0000
7805,14.0000
7806,14.0000
7807,14.0000
7808,14.0000
7809,14.0000
7810,14.0000
7811,14.0000
7812,14.0000
7813,14.0000
7814,14.0000
7815,14.0000
7816,14.0000
7817,14.0000
7818,14.0000
7819,14.0000
7820,14.0000
7821,14.0000
7822,14.0000
7823,14.0000
7824,14.0000
7825,14.0000
7826,14.0000
7827,14.0000
7828,14.0000
7829,14.0000
7830,14.0000
7831,14.0000
7832,14.0000
7833,14.0000
7834,14.0000
7835,14.0000
7836,14.0000
7837,14.0000
7838,14.0000
7839,14.0000
7840,14.0000
7841,14.0000
7842,14.0000
7843,14.0000
7844,14.0000
7845,14.0000
7846,14.0000
7847,14.0000
7848,14.0000
7849,14.0000
7850,14.0000
7851,14.0000
7852,14.0000
7853,14.0000
7854,14.0000
7855,14.0000
7856,14.0000
7857,14.0000
7858,14.0000
7859,14.0000
7860,14.0000
7861,14.0000
7862,14.0000
7863,14.0000
7864,14.0000
7865,14.0000
7866,14.0000
7867,14.0000
7868,14.0000
7869,14.0000
7870,14.0000
7871,14.0000
7872,14.0000
7873,14.0000
7874,14.0000
7875,14.0000
7876,14.0000
7877,14.0000
7878,14.0000
7879,14.0000
7880,14.0000
7881,14.0000
7882,14.0000
7883,14.0000
7884,14.0000
7885,14.0000
7886,14.0000
7887,14.0000
7888,14.0000
7889,14.0000
7890,14.0000
7891,14.0000
7892,14.0000
7893,14.0000
7894,14.0000
7895,14.0000
7896,14.0000
7897,14.0000
7898,14.0000
7899,14.0000
7900,14.0000
7901,14.0000
7902,14.0000
7903,14.0000
7904,14.0000
7905,14.0000
7906,14.0000
7907,14.0000
7908,14.0000
7909,14.0000
7910,14.0000
7911,14.0000
7912,14.0000
7913,14.0000
7914,14.0000
7915,14.0000
7916,14.0000
7917,14.0000
7918,14.0000
7919,14.0000
7920,14.0000
7921,14.0000
7922,14.0000
7923,14.0000
7924,14.0000
7925,14.0000
7926,14.0000
7927,14.0000
7928,14.0000
7929,14.0000
7930,14.0000
7931,14.0000
7932,14.0000
7933,14.0000
7934,14.0000
7935,14.0000
7936,14.0000
7937,14.0000
7938,14.0000
7939,14.0000
7940,14.0000
7941,14.0000
7942,14.0000
7943,14.0000
7944,14.0000
7945,14.0000
7946,14.0000
7947,14.0000
7948,14.0000
7949,14.0000
7950,14.0000
7951,14.0000
7952,14.0000
7953,14.0000
7954,14.0000
7955,14.0000
7956,14.0000
7957,14.0000
7958,14.0000
7959,14.0000
7960,14.0000
7961,14.0000
7962,14.0000
7963,14.0000
7964,14.0000
7965,14.0000
7966,14.0000
7967,14.0000
7968,14.0000
7969,14.0000
7970,14.0000
7971,14.0000
7972,14.0000
7973,14.0000
7974,14.0000
7975,14.0000
7976,14.0000
7977,14.0000
7978,14.0000
7979,14.0000
7980,14.0000
7981,14.0000
7982,14.0000
7983,14.0000
7984,14.0000
7985,14.0000
7986,14.0000
7987,14.0000
7988,14.0000
7989,14.0000
7990,14.0000
7991,14.0000
7992,14.0000
7993,14.0000
7994,14.0000
7995,14.0000
7996,14.0000
7997,14.0000
7998,14.0000
7999,14.0000
